,TokensDirty,Score,Irregular,TokenType,TokensClean,PunktFlag,DateCreated,RuleDescription,Application,ConfirmCondition,Anchor_token,Target_tokens,Window_size,Window_direction
0,ANTI,-1.0,0.0,negator,anti,0,,,,,,,,
1,AREN'T,-1.0,0.0,negator,arent,1,,,,,,,,
2,AVOID,-1.0,0.0,negator,avoid,0,,,,,,,,
3,CANNOT,-1.0,0.0,negator,cannot,0,,,,,,,,
4,CAN'T,-1.0,0.0,negator,cant,1,,,,,,,,
5,COULDN'T,-1.0,0.0,negator,couldnt,1,,,,,,,,
6,DIDN'T,-1.0,0.0,negator,didnt,1,,,,,,,,
7,DOESN'T,-1.0,0.0,negator,doesnt,1,,,,,,,,
8,DON'T,-1.0,0.0,negator,dont,1,,,,,,,,
9,HADN'T,-1.0,0.0,negator,hadnt,1,,,,,,,,
10,HASN'T,-1.0,0.0,negator,hasnt,1,,,,,,,,
11,HAVEN'T,-1.0,0.0,negator,havent,1,,,,,,,,
12,ISN'T,-1.0,0.0,negator,isnt,1,,,,,,,,
13,MAYNOT,-1.0,0.0,negator,maynot,0,,,,,,,,
14,NEITHER,-1.0,0.0,negator,neither,0,,,,,,,,
15,NEVER,-1.0,0.0,negator,never,0,,,,,,,,
16,NO,-1.0,0.0,negator,no,0,,,,,,,,
17,NON,-1.0,0.0,negator,non,0,,,,,,,,
18,NOR,-1.0,0.0,negator,nor,0,,,,,,,,
19,NOT,-1.0,0.0,negator,not,0,,,,,,,,
20,NOTHING,-1.0,0.0,negator,nothing,0,,,,,,,,
21,SHOULDN'T,-1.0,0.0,negator,shouldnt,1,,,,,,,,
22,UNLESS,-1.0,0.0,negator,unless,0,,,,,,,,
23,WASN'T,-1.0,0.0,negator,wasnt,1,,,,,,,,
24,WEREN'T,-1.0,0.0,negator,werent,1,,,,,,,,
25,WON'T,-1.0,0.0,negator,wont,1,,,,,,,,
26,WOULDN'T,-1.0,0.0,negator,wouldnt,1,,,,,,,,
0,ANTI,-1.0,0.0,negator,anti,0,,,,,,,,
1,AREN'T,-1.0,0.0,negator,arent,1,,,,,,,,
2,AVOID,-1.0,0.0,negator,avoid,0,,,,,,,,
3,CANNOT,-1.0,0.0,negator,cannot,0,,,,,,,,
4,CAN'T,-1.0,0.0,negator,cant,1,,,,,,,,
5,COULDN'T,-1.0,0.0,negator,couldnt,1,,,,,,,,
6,DIDN'T,-1.0,0.0,negator,didnt,1,,,,,,,,
7,DOESN'T,-1.0,0.0,negator,doesnt,1,,,,,,,,
8,DON'T,-1.0,0.0,negator,dont,1,,,,,,,,
9,HADN'T,-1.0,0.0,negator,hadnt,1,,,,,,,,
10,HASN'T,-1.0,0.0,negator,hasnt,1,,,,,,,,
11,HAVEN'T,-1.0,0.0,negator,havent,1,,,,,,,,
12,ISN'T,-1.0,0.0,negator,isnt,1,,,,,,,,
13,MAYNOT,-1.0,0.0,negator,maynot,0,,,,,,,,
14,NEITHER,-1.0,0.0,negator,neither,0,,,,,,,,
15,NEVER,-1.0,0.0,negator,never,0,,,,,,,,
16,NO,-1.0,0.0,negator,no,0,,,,,,,,
17,NON,-1.0,0.0,negator,non,0,,,,,,,,
18,NOR,-1.0,0.0,negator,nor,0,,,,,,,,
19,NOT,-1.0,0.0,negator,not,0,,,,,,,,
20,NOTHING,-1.0,0.0,negator,nothing,0,,,,,,,,
21,SHOULDN'T,-1.0,0.0,negator,shouldnt,1,,,,,,,,
22,UNLESS,-1.0,0.0,negator,unless,0,,,,,,,,
23,WASN'T,-1.0,0.0,negator,wasnt,1,,,,,,,,
24,WEREN'T,-1.0,0.0,negator,werent,1,,,,,,,,
25,WON'T,-1.0,0.0,negator,wont,1,,,,,,,,
26,WOULDN'T,-1.0,0.0,negator,wouldnt,1,,,,,,,,
0,ABUNDANT,2.0,0.0,Positive,abundant,0,,,,,,,,
1,acceptable,2.0,0.0,Positive,acceptable,0,,,,,,,,
2,ACCOMPLISH,2.0,0.0,Positive,accomplish,0,,,,,,,,
3,ACCOMPLISHED,2.0,0.0,Positive,accomplished,0,,,,,,,,
4,accomplished,2.0,0.0,Positive,accomplished,0,,,,,,,,
5,ACCOMPLISHES,2.0,0.0,Positive,accomplishes,0,,,,,,,,
6,ACCOMPLISHING,2.0,0.0,Positive,accomplishing,0,,,,,,,,
7,ACCOMPLISHMENT,2.0,0.0,Positive,accomplishment,0,,,,,,,,
8,ACCOMPLISHMENTS,2.0,0.0,Positive,accomplishments,0,,,,,,,,
9,accuracy,2.0,0.0,Positive,accuracy,0,,,,,,,,
10,accurate,2.0,0.0,Positive,accurate,0,,,,,,,,
11,accurately,2.0,0.0,Positive,accurately,0,,,,,,,,
12,ACHIEVE,2.0,0.0,Positive,achieve,0,,,,,,,,
13,ACHIEVED,2.0,0.0,Positive,achieved,0,,,,,,,,
14,ACHIEVEMENT,2.0,0.0,Positive,achievement,0,,,,,,,,
15,ACHIEVEMENTS,2.0,0.0,Positive,achievements,0,,,,,,,,
16,ACHIEVES,2.0,0.0,Positive,achieves,0,,,,,,,,
17,ACHIEVING,2.0,0.0,Positive,achieving,0,,,,,,,,
18,acumen,2.0,0.0,Positive,acumen,0,,,,,,,,
19,adaptive,2.0,0.0,Positive,adaptive,0,,,,,,,,
20,adequacy,2.0,0.0,Positive,adequacy,0,,,,,,,,
21,ADEQUATELY,2.0,0.0,Positive,adequately,0,,,,,,,,
22,ADVANCEMENT,2.0,0.0,Positive,advancement,0,,,,,,,,
23,ADVANCEMENTS,2.0,0.0,Positive,advancements,0,,,,,,,,
24,ADVANCES,2.0,0.0,Positive,advances,0,,,,,,,,
25,ADVANCING,2.0,0.0,Positive,advancing,0,,,,,,,,
26,ADVANTAGE,2.0,0.0,Positive,advantage,0,,,,,,,,
27,ADVANTAGED,2.0,0.0,Positive,advantaged,0,,,,,,,,
28,ADVANTAGEOUS,2.0,0.0,Positive,advantageous,0,,,,,,,,
29,ADVANTAGEOUSLY,2.0,0.0,Positive,advantageously,0,,,,,,,,
30,ADVANTAGES,2.0,0.0,Positive,advantages,0,,,,,,,,
31,advisability,2.0,0.0,Positive,advisability,0,,,,,,,,
32,affluence,2.0,0.0,Positive,affluence,0,,,,,,,,
33,afford,2.0,0.0,Positive,afford,0,,,,,,,,
34,affordable,2.0,0.0,Positive,affordable,0,,,,,,,,
35,ALLIANCE,2.0,0.0,Positive,alliance,0,,,,,,,,
36,ALLIANCES,2.0,0.0,Positive,alliances,0,,,,,,,,
37,allowable,2.0,0.0,Positive,allowable,0,,,,,,,,
38,appropriate,2.0,0.0,Positive,appropriate,0,,,,,,,,
39,assurance,2.0,0.0,Positive,assurance,0,,,,,,,,
40,ASSURE,2.0,0.0,Positive,assure,0,,,,,,,,
41,ASSURED,2.0,0.0,Positive,assured,0,,,,,,,,
42,ATTAIN,2.0,0.0,Positive,attain,0,,,,,,,,
43,attainable,2.0,0.0,Positive,attainable,0,,,,,,,,
44,ATTAINED,2.0,0.0,Positive,attained,0,,,,,,,,
45,ATTAINING,2.0,0.0,Positive,attaining,0,,,,,,,,
46,ATTAINMENT,2.0,0.0,Positive,attainment,0,,,,,,,,
47,ATTRACTIVE,2.0,0.0,Positive,attractive,0,,,,,,,,
48,ATTRACTIVENESS,2.0,0.0,Positive,attractiveness,0,,,,,,,,
49,balanced,2.0,0.0,Positive,balanced,0,,,,,,,,
50,beat,2.0,0.0,Positive,beat,0,,,,,,,,
51,BENEFICIAL,2.0,0.0,Positive,beneficial,0,,,,,,,,
52,BENEFICIALLY,2.0,0.0,Positive,beneficially,0,,,,,,,,
53,BENEFIT,2.0,0.0,Positive,benefit,0,,,,,,,,
54,BENEFITED,2.0,0.0,Positive,benefited,0,,,,,,,,
55,BENEFITING,2.0,0.0,Positive,benefiting,0,,,,,,,,
56,BENEFITTED,2.0,0.0,Positive,benefitted,0,,,,,,,,
57,BENEFITTING,2.0,0.0,Positive,benefitting,0,,,,,,,,
58,BEST,2.0,0.0,Positive,best,0,,,,,,,,
59,BETTER,2.0,0.0,Positive,better,0,,,,,,,,
60,BOOMING,2.0,0.0,Positive,booming,0,,,,,,,,
61,BOOST,2.0,0.0,Positive,boost,0,,,,,,,,
62,BREAKTHROUGH,2.0,0.0,Positive,breakthrough,0,,,,,,,,
63,BREAKTHROUGHS,2.0,0.0,Positive,breakthroughs,0,,,,,,,,
64,capability,2.0,0.0,Positive,capability,0,,,,,,,,
65,capable,2.0,0.0,Positive,capable,0,,,,,,,,
66,careful,2.0,0.0,Positive,careful,0,,,,,,,,
67,carefully,2.0,0.0,Positive,carefully,0,,,,,,,,
68,CHARITABLE,2.0,0.0,Positive,charitable,0,,,,,,,,
69,classy,2.0,0.0,Positive,classy,0,,,,,,,,
70,COLLABORATE,2.0,0.0,Positive,collaborate,0,,,,,,,,
71,COLLABORATES,2.0,0.0,Positive,collaborates,0,,,,,,,,
72,COLLABORATION,2.0,0.0,Positive,collaboration,0,,,,,,,,
73,COLLABORATIVE,2.0,0.0,Positive,collaborative,0,,,,,,,,
74,comfortable,2.0,0.0,Positive,comfortable,0,,,,,,,,
75,compatible,2.0,0.0,Positive,compatible,0,,,,,,,,
76,competence,2.0,0.0,Positive,competence,0,,,,,,,,
77,competent,2.0,0.0,Positive,competent,0,,,,,,,,
78,COMPLIMENT,2.0,0.0,Positive,compliment,0,,,,,,,,
79,COMPLIMENTARY,2.0,0.0,Positive,complimentary,0,,,,,,,,
80,COMPLIMENTING,2.0,0.0,Positive,complimenting,0,,,,,,,,
81,CONCLUSIVE,2.0,0.0,Positive,conclusive,0,,,,,,,,
82,concurrence,2.0,0.0,Positive,concurrence,0,,,,,,,,
83,CONFIDENT,2.0,0.0,Positive,confident,0,,,,,,,,
84,consistent,2.0,0.0,Positive,consistent,0,,,,,,,,
85,CONSTRUCTIVE,2.0,0.0,Positive,constructive,0,,,,,,,,
86,CONSTRUCTIVELY,2.0,0.0,Positive,constructively,0,,,,,,,,
87,convenience,2.0,0.0,Positive,convenience,0,,,,,,,,
88,convenient,2.0,0.0,Positive,convenient,0,,,,,,,,
89,correct,2.0,0.0,Positive,correct,0,,,,,,,,
90,correctly,2.0,0.0,Positive,correctly,0,,,,,,,,
91,correctness,2.0,0.0,Positive,correctness,0,,,,,,,,
92,CREATIVE,2.0,0.0,Positive,creative,0,,,,,,,,
93,CREATIVITY,2.0,0.0,Positive,creativity,0,,,,,,,,
94,defensible,2.0,0.0,Positive,defensible,0,,,,,,,,
95,DEPENDABLE,2.0,0.0,Positive,dependable,0,,,,,,,,
96,desirability,2.0,0.0,Positive,desirability,0,,,,,,,,
97,DESIRABLE,2.0,0.0,Positive,desirable,0,,,,,,,,
98,DESIRED,2.0,0.0,Positive,desired,0,,,,,,,,
99,devoted,2.0,0.0,Positive,devoted,0,,,,,,,,
100,diligence,2.0,0.0,Positive,diligence,0,,,,,,,,
101,DILIGENT,2.0,0.0,Positive,diligent,0,,,,,,,,
102,DISTINCTION,2.0,0.0,Positive,distinction,0,,,,,,,,
103,DISTINCTIVE,2.0,0.0,Positive,distinctive,0,,,,,,,,
104,durability,2.0,0.0,Positive,durability,0,,,,,,,,
105,durable,2.0,0.0,Positive,durable,0,,,,,,,,
106,dynamic,2.0,0.0,Positive,dynamic,0,,,,,,,,
107,earn,2.0,0.0,Positive,earn,0,,,,,,,,
108,earnings,2.0,0.0,Positive,earnings,0,,,,,,,,
109,EASIER,2.0,0.0,Positive,easier,0,,,,,,,,
110,EASILY,2.0,0.0,Positive,easily,0,,,,,,,,
111,EASY,2.0,0.0,Positive,easy,0,,,,,,,,
112,EFFECTIVE,2.0,0.0,Positive,effective,0,,,,,,,,
113,effectively,2.0,0.0,Positive,effectively,0,,,,,,,,
114,EFFICIENCIES,2.0,0.0,Positive,efficiencies,0,,,,,,,,
115,EFFICIENCY,2.0,0.0,Positive,efficiency,0,,,,,,,,
116,EFFICIENT,2.0,0.0,Positive,efficient,0,,,,,,,,
117,EFFICIENTLY,2.0,0.0,Positive,efficiently,0,,,,,,,,
118,elevating,2.0,0.0,Positive,elevating,0,,,,,,,,
119,EMPOWER,2.0,0.0,Positive,empower,0,,,,,,,,
120,EMPOWERED,2.0,0.0,Positive,empowered,0,,,,,,,,
121,EMPOWERS,2.0,0.0,Positive,empowers,0,,,,,,,,
122,ENABLE,2.0,0.0,Positive,enable,0,,,,,,,,
123,ENABLED,2.0,0.0,Positive,enabled,0,,,,,,,,
124,ENABLES,2.0,0.0,Positive,enables,0,,,,,,,,
125,ENABLING,2.0,0.0,Positive,enabling,0,,,,,,,,
126,ENCOURAGED,2.0,0.0,Positive,encouraged,0,,,,,,,,
127,ENCOURAGES,2.0,0.0,Positive,encourages,0,,,,,,,,
128,ENCOURAGING,2.0,0.0,Positive,encouraging,0,,,,,,,,
129,enduring,2.0,0.0,Positive,enduring,0,,,,,,,,
130,ENHANCE,2.0,0.0,Positive,enhance,0,,,,,,,,
131,ENHANCED,2.0,0.0,Positive,enhanced,0,,,,,,,,
132,ENHANCEMENT,2.0,0.0,Positive,enhancement,0,,,,,,,,
133,ENHANCEMENTS,2.0,0.0,Positive,enhancements,0,,,,,,,,
134,ENHANCES,2.0,0.0,Positive,enhances,0,,,,,,,,
135,ENHANCING,2.0,0.0,Positive,enhancing,0,,,,,,,,
136,ENJOY,2.0,0.0,Positive,enjoy,0,,,,,,,,
137,ENJOYED,2.0,0.0,Positive,enjoyed,0,,,,,,,,
138,ENJOYING,2.0,0.0,Positive,enjoying,0,,,,,,,,
139,enjoying,2.0,0.0,Positive,enjoying,0,,,,,,,,
140,ENJOYS,2.0,0.0,Positive,enjoys,0,,,,,,,,
141,equitable,2.0,0.0,Positive,equitable,0,,,,,,,,
142,ethical,2.0,0.0,Positive,ethical,0,,,,,,,,
143,ethically,2.0,0.0,Positive,ethically,0,,,,,,,,
144,EXCELLENCE,2.0,0.0,Positive,excellence,0,,,,,,,,
145,EXCELLENT,2.0,0.0,Positive,excellent,0,,,,,,,,
146,EXCELLING,2.0,0.0,Positive,excelling,0,,,,,,,,
147,EXCEPTIONAL,2.0,0.0,Positive,exceptional,0,,,,,,,,
148,EXCEPTIONALLY,2.0,0.0,Positive,exceptionally,0,,,,,,,,
149,EXCITED,2.0,0.0,Positive,excited,0,,,,,,,,
150,EXCITING,2.0,0.0,Positive,exciting,0,,,,,,,,
151,EXEMPLARY,2.0,0.0,Positive,exemplary,0,,,,,,,,
152,favor,2.0,0.0,Positive,favor,0,,,,,,,,
153,FAVORABLE,2.0,0.0,Positive,favorable,0,,,,,,,,
154,FAVORABLY,2.0,0.0,Positive,favorably,0,,,,,,,,
155,FAVORED,2.0,0.0,Positive,favored,0,,,,,,,,
156,FAVORING,2.0,0.0,Positive,favoring,0,,,,,,,,
157,FAVORITE,2.0,0.0,Positive,favorite,0,,,,,,,,
158,flexibility,2.0,0.0,Positive,flexibility,0,,,,,,,,
159,flexible,2.0,0.0,Positive,flexible,0,,,,,,,,
160,FRIENDLY,2.0,0.0,Positive,friendly,0,,,,,,,,
161,functional,2.0,0.0,Positive,functional,0,,,,,,,,
162,GAIN,2.0,0.0,Positive,gain,0,,,,,,,,
163,GAINED,2.0,0.0,Positive,gained,0,,,,,,,,
164,GAINING,2.0,0.0,Positive,gaining,0,,,,,,,,
165,GAINS,2.0,0.0,Positive,gains,0,,,,,,,,
166,generous,2.0,0.0,Positive,generous,0,,,,,,,,
167,goal,2.0,0.0,Positive,goal,0,,,,,,,,
168,GOOD,2.0,0.0,Positive,good,0,,,,,,,,
169,GREAT,2.0,0.0,Positive,great,0,,,,,,,,
170,GREATER,2.0,0.0,Positive,greater,0,,,,,,,,
171,GREATEST,2.0,0.0,Positive,greatest,0,,,,,,,,
172,GREATLY,2.0,0.0,Positive,greatly,0,,,,,,,,
173,grounded,2.0,0.0,Positive,grounded,0,,,,,,,,
174,growth,2.0,0.0,Positive,growth,0,,,,,,,,
175,guarantee,2.0,0.0,Positive,guarantee,0,,,,,,,,
176,guardian,2.0,0.0,Positive,guardian,0,,,,,,,,
177,harmonization,2.0,0.0,Positive,harmonization,0,,,,,,,,
178,harmonize,2.0,0.0,Positive,harmonize,0,,,,,,,,
179,healthy,2.0,0.0,Positive,healthy,0,,,,,,,,
180,HIGHEST,2.0,0.0,Positive,highest,0,,,,,,,,
181,HONOR,2.0,0.0,Positive,honor,0,,,,,,,,
182,HONORING,2.0,0.0,Positive,honoring,0,,,,,,,,
183,IDEAL,2.0,0.0,Positive,ideal,0,,,,,,,,
184,ideally,2.0,0.0,Positive,ideally,0,,,,,,,,
185,IMPROVE,2.0,0.0,Positive,improve,0,,,,,,,,
186,IMPROVED,2.0,0.0,Positive,improved,0,,,,,,,,
187,IMPROVEMENT,2.0,0.0,Positive,improvement,0,,,,,,,,
188,IMPROVEMENTS,2.0,0.0,Positive,improvements,0,,,,,,,,
189,IMPROVES,2.0,0.0,Positive,improves,0,,,,,,,,
190,IMPROVING,2.0,0.0,Positive,improving,0,,,,,,,,
191,incentive,2.0,0.0,Positive,incentive,0,,,,,,,,
192,INFLUENTIAL,2.0,0.0,Positive,influential,0,,,,,,,,
193,INNOVATE,2.0,0.0,Positive,innovate,0,,,,,,,,
194,INNOVATING,2.0,0.0,Positive,innovating,0,,,,,,,,
195,INNOVATION,2.0,0.0,Positive,innovation,0,,,,,,,,
196,INNOVATIONS,2.0,0.0,Positive,innovations,0,,,,,,,,
197,INNOVATIVE,2.0,0.0,Positive,innovative,0,,,,,,,,
198,INNOVATORS,2.0,0.0,Positive,innovators,0,,,,,,,,
199,insured,2.0,0.0,Positive,insured,0,,,,,,,,
200,integral,2.0,0.0,Positive,integral,0,,,,,,,,
201,INTEGRITY,2.0,0.0,Positive,integrity,0,,,,,,,,
202,intelligence,2.0,0.0,Positive,intelligence,0,,,,,,,,
203,intelligent,2.0,0.0,Positive,intelligent,0,,,,,,,,
204,intelligently,2.0,0.0,Positive,intelligently,0,,,,,,,,
205,intentionally,2.0,0.0,Positive,intentionally,0,,,,,,,,
206,INVENTING,2.0,0.0,Positive,inventing,0,,,,,,,,
207,INVENTIONS,2.0,0.0,Positive,inventions,0,,,,,,,,
208,knowledgeable,2.0,0.0,Positive,knowledgeable,0,,,,,,,,
209,LEADERSHIP,2.0,0.0,Positive,leadership,0,,,,,,,,
210,LEADING,2.0,0.0,Positive,leading,0,,,,,,,,
211,legitimate,2.0,0.0,Positive,legitimate,0,,,,,,,,
212,liquidity,2.0,0.0,Positive,liquidity,0,,,,,,,,
213,LOYAL,2.0,0.0,Positive,loyal,0,,,,,,,,
214,loyalty,2.0,0.0,Positive,loyalty,0,,,,,,,,
215,LUCRATIVE,2.0,0.0,Positive,lucrative,0,,,,,,,,
216,luxury,2.0,0.0,Positive,luxury,0,,,,,,,,
217,manageable,2.0,0.0,Positive,manageable,0,,,,,,,,
218,master,2.0,0.0,Positive,master,0,,,,,,,,
219,mature,2.0,0.0,Positive,mature,0,,,,,,,,
220,maximize,2.0,0.0,Positive,maximize,0,,,,,,,,
221,meaningful,2.0,0.0,Positive,meaningful,0,,,,,,,,
222,meaningfully,2.0,0.0,Positive,meaningfully,0,,,,,,,,
223,MITIGATE,2.0,0.0,Positive,mitigate,0,,,,,,,,
224,mitigation,2.0,0.0,Positive,mitigation,0,,,,,,,,
225,monitor,2.0,0.0,Positive,monitor,0,,,,,,,,
226,opportune,2.0,0.0,Positive,opportune,0,,,,,,,,
227,OPPORTUNISTIC,2.0,0.0,Positive,opportunistic,0,,,,,,,,
228,OPPORTUNISTICALLY,2.0,0.0,Positive,opportunistically,0,,,,,,,,
229,OPPORTUNITIES,2.0,0.0,Positive,opportunities,0,,,,,,,,
230,OPPORTUNITY,2.0,0.0,Positive,opportunity,0,,,,,,,,
231,optimal,2.0,0.0,Positive,optimal,0,,,,,,,,
232,optimal,2.0,0.0,Positive,optimal,0,,,,,,,,
233,optimism,2.0,0.0,Positive,optimism,0,,,,,,,,
234,OPTIMISTIC,2.0,0.0,Positive,optimistic,0,,,,,,,,
235,optimization,2.0,0.0,Positive,optimization,0,,,,,,,,
236,optimize,2.0,0.0,Positive,optimize,0,,,,,,,,
237,OUTPERFORM,2.0,0.0,Positive,outperform,0,,,,,,,,
238,OUTPERFORMED,2.0,0.0,Positive,outperformed,0,,,,,,,,
239,OUTPERFORMING,2.0,0.0,Positive,outperforming,0,,,,,,,,
240,OUTPERFORMS,2.0,0.0,Positive,outperforms,0,,,,,,,,
241,outstanding,2.0,0.0,Positive,outstanding,0,,,,,,,,
242,OVERCOME,2.0,0.0,Positive,overcome,0,,,,,,,,
243,parity,2.0,0.0,Positive,parity,0,,,,,,,,
244,patience,2.0,0.0,Positive,patience,0,,,,,,,,
245,payoff,2.0,0.0,Positive,payoff,0,,,,,,,,
246,PERFECT,2.0,0.0,Positive,perfect,0,,,,,,,,
247,PERFECTLY,2.0,0.0,Positive,perfectly,0,,,,,,,,
248,perform,2.0,0.0,Positive,perform,0,,,,,,,,
249,pinnacle,2.0,0.0,Positive,pinnacle,0,,,,,,,,
250,POSITIVE,2.0,0.0,Positive,positive,0,,,,,,,,
251,POSITIVELY,2.0,0.0,Positive,positively,0,,,,,,,,
252,powerful,2.0,0.0,Positive,powerful,0,,,,,,,,
253,practical,2.0,0.0,Positive,practical,0,,,,,,,,
254,precision,2.0,0.0,Positive,precision,0,,,,,,,,
255,preferable,2.0,0.0,Positive,preferable,0,,,,,,,,
256,preferential,2.0,0.0,Positive,preferential,0,,,,,,,,
257,PREMIER,2.0,0.0,Positive,premier,0,,,,,,,,
258,preparedness,2.0,0.0,Positive,preparedness,0,,,,,,,,
259,preserve,2.0,0.0,Positive,preserve,0,,,,,,,,
260,prime,2.0,0.0,Positive,prime,0,,,,,,,,
261,PROACTIVE,2.0,0.0,Positive,proactive,0,,,,,,,,
262,PROACTIVELY,2.0,0.0,Positive,proactively,0,,,,,,,,
263,productive,2.0,0.0,Positive,productive,0,,,,,,,,
264,PROFICIENCY,2.0,0.0,Positive,proficiency,0,,,,,,,,
265,profit,2.0,0.0,Positive,profit,0,,,,,,,,
266,PROFITABILITY,2.0,0.0,Positive,profitability,0,,,,,,,,
267,PROFITABLE,2.0,0.0,Positive,profitable,0,,,,,,,,
268,PROFITABLY,2.0,0.0,Positive,profitably,0,,,,,,,,
269,profiting,2.0,0.0,Positive,profiting,0,,,,,,,,
270,PROGRESS,2.0,0.0,Positive,progress,0,,,,,,,,
271,PROGRESSING,2.0,0.0,Positive,progressing,0,,,,,,,,
272,prominent,2.0,0.0,Positive,prominent,0,,,,,,,,
273,promised,2.0,0.0,Positive,promised,0,,,,,,,,
274,proper,2.0,0.0,Positive,proper,0,,,,,,,,
275,PROSPERITY,2.0,0.0,Positive,prosperity,0,,,,,,,,
276,prudent,2.0,0.0,Positive,prudent,0,,,,,,,,
277,prudently,2.0,0.0,Positive,prudently,0,,,,,,,,
278,qualified,2.0,0.0,Positive,qualified,0,,,,,,,,
279,quality,2.0,0.0,Positive,quality,0,,,,,,,,
280,realistic,2.0,0.0,Positive,realistic,0,,,,,,,,
281,realize,2.0,0.0,Positive,realize,0,,,,,,,,
282,reasonably,2.0,0.0,Positive,reasonably,0,,,,,,,,
283,REBOUND,2.0,0.0,Positive,rebound,0,,,,,,,,
284,REBOUNDED,2.0,0.0,Positive,rebounded,0,,,,,,,,
285,REBOUNDING,2.0,0.0,Positive,rebounding,0,,,,,,,,
286,RECEPTIVE,2.0,0.0,Positive,receptive,0,,,,,,,,
287,rectify,2.0,0.0,Positive,rectify,0,,,,,,,,
288,REGAIN,2.0,0.0,Positive,regain,0,,,,,,,,
289,REGAINED,2.0,0.0,Positive,regained,0,,,,,,,,
290,REGAINING,2.0,0.0,Positive,regaining,0,,,,,,,,
291,reliable,2.0,0.0,Positive,reliable,0,,,,,,,,
292,reliable,2.0,0.0,Positive,reliable,0,,,,,,,,
293,reliably,2.0,0.0,Positive,reliably,0,,,,,,,,
294,representative,2.0,0.0,Positive,representative,0,,,,,,,,
295,resilient,2.0,0.0,Positive,resilient,0,,,,,,,,
296,RESOLVE,2.0,0.0,Positive,resolve,0,,,,,,,,
297,return,2.0,0.0,Positive,return,0,,,,,,,,
298,revenue,2.0,0.0,Positive,revenue,0,,,,,,,,
299,REWARD,2.0,0.0,Positive,reward,0,,,,,,,,
300,REWARDED,2.0,0.0,Positive,rewarded,0,,,,,,,,
301,REWARDING,2.0,0.0,Positive,rewarding,0,,,,,,,,
302,REWARDS,2.0,0.0,Positive,rewards,0,,,,,,,,
303,rich,2.0,0.0,Positive,rich,0,,,,,,,,
304,riskless,2.0,0.0,Positive,riskless,0,,,,,,,,
305,robustness,2.0,0.0,Positive,robustness,0,,,,,,,,
306,safeguard,2.0,0.0,Positive,safeguard,0,,,,,,,,
307,SATISFACTION,2.0,0.0,Positive,satisfaction,0,,,,,,,,
308,SATISFACTORY,2.0,0.0,Positive,satisfactory,0,,,,,,,,
309,SATISFIED,2.0,0.0,Positive,satisfied,0,,,,,,,,
310,SATISFIES,2.0,0.0,Positive,satisfies,0,,,,,,,,
311,SATISFY,2.0,0.0,Positive,satisfy,0,,,,,,,,
312,SATISFYING,2.0,0.0,Positive,satisfying,0,,,,,,,,
313,secure,2.0,0.0,Positive,secure,0,,,,,,,,
314,selectively,2.0,0.0,Positive,selectively,0,,,,,,,,
315,skill,2.0,0.0,Positive,skill,0,,,,,,,,
316,skilled,2.0,0.0,Positive,skilled,0,,,,,,,,
317,smart,2.0,0.0,Positive,smart,0,,,,,,,,
318,SMOOTH,2.0,0.0,Positive,smooth,0,,,,,,,,
319,solid,2.0,0.0,Positive,solid,0,,,,,,,,
320,SOLVING,2.0,0.0,Positive,solving,0,,,,,,,,
321,sophisticated,2.0,0.0,Positive,sophisticated,0,,,,,,,,
322,sophistication,2.0,0.0,Positive,sophistication,0,,,,,,,,
323,sound,2.0,0.0,Positive,sound,0,,,,,,,,
324,soundness,2.0,0.0,Positive,soundness,0,,,,,,,,
325,specialist,2.0,0.0,Positive,specialist,0,,,,,,,,
326,STABILITY,2.0,0.0,Positive,stability,0,,,,,,,,
327,STABILIZATION,2.0,0.0,Positive,stabilization,0,,,,,,,,
328,STABILIZE,2.0,0.0,Positive,stabilize,0,,,,,,,,
329,STABILIZING,2.0,0.0,Positive,stabilizing,0,,,,,,,,
330,STABLE,2.0,0.0,Positive,stable,0,,,,,,,,
331,strategic,2.0,0.0,Positive,strategic,0,,,,,,,,
332,strategically,2.0,0.0,Positive,strategically,0,,,,,,,,
333,STRENGTH,2.0,0.0,Positive,strength,0,,,,,,,,
334,STRENGTHEN,2.0,0.0,Positive,strengthen,0,,,,,,,,
335,STRENGTHENED,2.0,0.0,Positive,strengthened,0,,,,,,,,
336,STRENGTHENING,2.0,0.0,Positive,strengthening,0,,,,,,,,
337,STRENGTHENS,2.0,0.0,Positive,strengthens,0,,,,,,,,
338,STRENGTHS,2.0,0.0,Positive,strengths,0,,,,,,,,
339,STRONG,2.0,0.0,Positive,strong,0,,,,,,,,
340,STRONGER,2.0,0.0,Positive,stronger,0,,,,,,,,
341,STRONGEST,2.0,0.0,Positive,strongest,0,,,,,,,,
342,SUCCEED,2.0,0.0,Positive,succeed,0,,,,,,,,
343,SUCCEEDED,2.0,0.0,Positive,succeeded,0,,,,,,,,
344,SUCCEEDING,2.0,0.0,Positive,succeeding,0,,,,,,,,
345,SUCCEEDS,2.0,0.0,Positive,succeeds,0,,,,,,,,
346,SUCCESS,2.0,0.0,Positive,success,0,,,,,,,,
347,SUCCESSES,2.0,0.0,Positive,successes,0,,,,,,,,
348,SUCCESSFUL,2.0,0.0,Positive,successful,0,,,,,,,,
349,SUCCESSFULLY,2.0,0.0,Positive,successfully,0,,,,,,,,
350,suitable,2.0,0.0,Positive,suitable,0,,,,,,,,
351,SUPERIOR,2.0,0.0,Positive,superior,0,,,,,,,,
352,supreme,2.0,0.0,Positive,supreme,0,,,,,,,,
353,SURPASS,2.0,0.0,Positive,surpass,0,,,,,,,,
354,SURPASSED,2.0,0.0,Positive,surpassed,0,,,,,,,,
355,SURPASSES,2.0,0.0,Positive,surpasses,0,,,,,,,,
356,SURPASSING,2.0,0.0,Positive,surpassing,0,,,,,,,,
357,surplus,2.0,0.0,Positive,surplus,0,,,,,,,,
358,survive,2.0,0.0,Positive,survive,0,,,,,,,,
359,sustainable,2.0,0.0,Positive,sustainable,0,,,,,,,,
360,talent,2.0,0.0,Positive,talent,0,,,,,,,,
361,talented,2.0,0.0,Positive,talented,0,,,,,,,,
362,thoughtfully,2.0,0.0,Positive,thoughtfully,0,,,,,,,,
363,timeliness,2.0,0.0,Positive,timeliness,0,,,,,,,,
364,touchstone,2.0,0.0,Positive,touchstone,0,,,,,,,,
365,TRANSPARENCY,2.0,0.0,Positive,transparency,0,,,,,,,,
366,turnaround,2.0,0.0,Positive,turnaround,0,,,,,,,,
367,unbiased,2.0,0.0,Positive,unbiased,0,,,,,,,,
368,unconditional,2.0,0.0,Positive,unconditional,0,,,,,,,,
369,unconditionally,2.0,0.0,Positive,unconditionally,0,,,,,,,,
370,upside,2.0,0.0,Positive,upside,0,,,,,,,,
371,upswing,2.0,0.0,Positive,upswing,0,,,,,,,,
372,uptrend,2.0,0.0,Positive,uptrend,0,,,,,,,,
373,UPTURN,2.0,0.0,Positive,upturn,0,,,,,,,,
374,UPTURNS,2.0,0.0,Positive,upturns,0,,,,,,,,
375,upward,2.0,0.0,Positive,upward,0,,,,,,,,
376,useful,2.0,0.0,Positive,useful,0,,,,,,,,
377,valid,2.0,0.0,Positive,valid,0,,,,,,,,
378,validity,2.0,0.0,Positive,validity,0,,,,,,,,
379,VALUABLE,2.0,0.0,Positive,valuable,0,,,,,,,,
380,VERSATILITY,2.0,0.0,Positive,versatility,0,,,,,,,,
381,VIBRANT,2.0,0.0,Positive,vibrant,0,,,,,,,,
382,vigorous,2.0,0.0,Positive,vigorous,0,,,,,,,,
383,virtue,2.0,0.0,Positive,virtue,0,,,,,,,,
384,visionary,2.0,0.0,Positive,visionary,0,,,,,,,,
385,warranty,2.0,0.0,Positive,warranty,0,,,,,,,,
386,WIN,2.0,0.0,Positive,win,0,,,,,,,,
387,WINNER,2.0,0.0,Positive,winner,0,,,,,,,,
388,WINNERS,2.0,0.0,Positive,winners,0,,,,,,,,
389,WINNING,2.0,0.0,Positive,winning,0,,,,,,,,
390,wisely,2.0,0.0,Positive,wisely,0,,,,,,,,
391,ADEQUATE,2.0,0.0,Positive,adequate,0,,,,,,,,
392,ACCEPTING,2.0,0.0,Positive,accepting,0,,,,,,,,
393,ACCEPT,2.0,0.0,Positive,accept,0,,,,,,,,
394,ADAPT,2.0,0.0,Positive,adapt,0,,,,,,,,
395,ADVANCE,2.0,0.0,Positive,advance,0,,,,,,,,
396,ADVISABLE,2.0,0.0,Positive,advisable,0,,,,,,,,
397,ADVISING,2.0,0.0,Positive,advising,0,,,,,,,,
398,AFFORDED,2.0,0.0,Positive,afforded,0,,,,,,,,
399,AFFORDS,2.0,0.0,Positive,affords,0,,,,,,,,
400,ALLOW,2.0,0.0,Positive,allow,0,,,,,,,,
401,ALLOWING,2.0,0.0,Positive,allowing,0,,,,,,,,
402,ASSURANCES,2.0,0.0,Positive,assurances,0,,,,,,,,
403,ATTRACT,2.0,0.0,Positive,attract,0,,,,,,,,
404,ATTRACTING,2.0,0.0,Positive,attracting,0,,,,,,,,
405,BALANCING,2.0,0.0,Positive,balancing,0,,,,,,,,
406,BALANCE,2.0,0.0,Positive,balance,0,,,,,,,,
407,BENEFITS,2.0,0.0,Positive,benefits,0,,,,,,,,
408,BOOMING,2.0,0.0,Positive,booming,0,,,,,,,,
409,BOOM,2.0,0.0,Positive,boom,0,,,,,,,,
410,CARE,2.0,0.0,Positive,care,0,,,,,,,,
411,CLASS,2.0,0.0,Positive,class,0,,,,,,,,
412,CLEAN,2.0,0.0,Positive,clean,0,,,,,,,,
413,COMFORT,2.0,0.0,Positive,comfort,0,,,,,,,,
414,COMPATIBILITY,2.0,0.0,Positive,compatibility,0,,,,,,,,
415,CONCLUSION,2.0,0.0,Positive,conclusion,0,,,,,,,,
416,CONCLUDING,2.0,0.0,Positive,concluding,0,,,,,,,,
417,CONCURRENT,2.0,0.0,Positive,concurrent,0,,,,,,,,
418,CONFIDENCE,2.0,0.0,Positive,confidence,0,,,,,,,,
419,CONSISTENCY,2.0,0.0,Positive,consistency,0,,,,,,,,
420,CONSTRUCTION,2.0,0.0,Positive,construction,0,,,,,,,,
421,DEFENSE,2.0,0.0,Positive,defense,0,,,,,,,,
422,DEPENDING,2.0,0.0,Positive,depending,0,,,,,,,,
423,DESIRE,2.0,0.0,Positive,desire,0,,,,,,,,
424,DESIRES,2.0,0.0,Positive,desires,0,,,,,,,,
425,DEVOTE,2.0,0.0,Positive,devote,0,,,,,,,,
426,DISTINCT,2.0,0.0,Positive,distinct,0,,,,,,,,
427,EARNING,2.0,0.0,Positive,earning,0,,,,,,,,
428,EFFECT,2.0,0.0,Positive,effect,0,,,,,,,,
429,ELEVATE,2.0,0.0,Positive,elevate,0,,,,,,,,
430,ENCOURAGE,2.0,0.0,Positive,encourage,0,,,,,,,,
431,ENDURE,2.0,0.0,Positive,endure,0,,,,,,,,
432,EQUIT,2.0,0.0,Positive,equit,0,,,,,,,,
433,ETHICS,2.0,0.0,Positive,ethics,0,,,,,,,,
434,EXCEL,2.0,0.0,Positive,excel,0,,,,,,,,
435,EXCEPTION,2.0,0.0,Positive,exception,0,,,,,,,,
436,FUNCTIONALITY,2.0,0.0,Positive,functionality,0,,,,,,,,
437,GROWN,2.0,0.0,Positive,grown,0,,,,,,,,
438,INSURE,2.0,0.0,Positive,insure,0,,,,,,,,
439,INVENT,2.0,0.0,Positive,invent,0,,,,,,,,
440,LIQUID,2.0,0.0,Positive,liquid,0,,,,,,,,
441,SAFEGUARDS,2.0,0.0,Positive,safeguards,0,,,,,,,,
442,SECURED,2.0,0.0,Positive,secured,0,,,,,,,,
443,SECURES,2.0,0.0,Positive,secures,0,,,,,,,,
444,SKILLS,2.0,0.0,Positive,skills,0,,,,,,,,
445,SUSTAINABLY,2.0,0.0,Positive,sustainably,0,,,,,,,,
446,THOUGHTFUL,2.0,0.0,Positive,thoughtful,0,,,,,,,,
447,TRANSPARENT,2.0,0.0,Positive,transparent,0,,,,,,,,
448,UPWARDS,2.0,0.0,Positive,upwards,0,,,,,,,,
449,VIGOR,2.0,0.0,Positive,vigor,0,,,,,,,,
450,VIGOROUSLY,2.0,0.0,Positive,vigorously,0,,,,,,,,
451,WINS,2.0,0.0,Positive,wins,0,,,,,,,,
452,WORTHY,2.0,0.0,Positive,worthy,0,,,,,,,,
0,140,-1.0,0.0,Legal,,0,,,,,,,,
1,144a,-1.0,0.0,Legal,144a,0,,,,,,,,
2,ADJUDICATED,-1.0,0.0,Legal,adjudicated,0,,,,,,,,
3,ALLEGATIONS,-1.0,0.0,Legal,allegations,0,,,,,,,,
4,ANTITRUST,-1.0,0.0,Legal,antitrust,0,,,,,,,,
5,ATTORNEY,-1.0,0.0,Legal,attorney,0,,,,,,,,
6,BANKRUPT,-1.0,0.0,Legal,bankrupt,0,,,,,,,,
7,BANKRUPTCIES,-1.0,0.0,Legal,bankruptcies,0,,,,,,,,
8,BANKRUPTCY,-1.0,0.0,Legal,bankruptcy,0,,,,,,,,
9,BRIBERY,-1.0,0.0,Legal,bribery,0,,,,,,,,
10,CLAIM,-1.0,0.0,Legal,claim,0,,,,,,,,
11,CLAIMANT,-1.0,0.0,Legal,claimant,0,,,,,,,,
12,CLAIMANTS,-1.0,0.0,Legal,claimants,0,,,,,,,,
13,CLAIMS,-1.0,0.0,Legal,claims,0,,,,,,,,
14,CODIFICATION,-1.0,0.0,Legal,codification,0,,,,,,,,
15,COMPULSORY,-1.0,0.0,Legal,compulsory,0,,,,,,,,
16,CONDEMNATION,-1.0,0.0,Legal,condemnation,0,,,,,,,,
17,CONSTITUTION,-1.0,0.0,Legal,constitution,0,,,,,,,,
18,CONSTITUTIONAL,-1.0,0.0,Legal,constitutional,0,,,,,,,,
19,CONTRACT,-1.0,0.0,Legal,contract,0,,,,,,,,
20,CONTRACTED,-1.0,0.0,Legal,contracted,0,,,,,,,,
21,CONTRACTHOLDERS,-1.0,0.0,Legal,contractholders,0,,,,,,,,
22,CONTRACTING,-1.0,0.0,Legal,contracting,0,,,,,,,,
23,CONTRACTS,-1.0,0.0,Legal,contracts,0,,,,,,,,
24,CONTRACTUAL,-1.0,0.0,Legal,contractual,0,,,,,,,,
25,CONTRACTUALLY,-1.0,0.0,Legal,contractually,0,,,,,,,,
26,COUNSEL,-1.0,0.0,Legal,counsel,0,,,,,,,,
27,COUNSELS,-1.0,0.0,Legal,counsels,0,,,,,,,,
28,COUNTERCLAIMS,-1.0,0.0,Legal,counterclaims,0,,,,,,,,
29,COURT,-1.0,0.0,Legal,court,0,,,,,,,,
30,COURTS,-1.0,0.0,Legal,courts,0,,,,,,,,
31,CRIME,-1.0,0.0,Legal,crime,0,,,,,,,,
32,CRIMINAL,-1.0,0.0,Legal,criminal,0,,,,,,,,
33,CRIMINALIZING,-1.0,0.0,Legal,criminalizing,0,,,,,,,,
34,CYBERCRIME,-1.0,0.0,Legal,cybercrime,0,,,,,,,,
35,DEFRAUD,-1.0,0.0,Legal,defraud,0,,,,,,,,
36,DISGORGE,-1.0,0.0,Legal,disgorge,0,,,,,,,,
37,DISINTERESTED,-1.0,0.0,Legal,disinterested,0,,,,,,,,
38,Dodd Frank,-1.0,0.0,Legal,dodd frank,0,,,,,,,,
39,EMBARGO,-1.0,0.0,Legal,embargo,0,,,,,,,,
40,EMBARGOES,-1.0,0.0,Legal,embargoes,0,,,,,,,,
41,ENCUMBRANCES,-1.0,0.0,Legal,encumbrances,0,,,,,,,,
42,expropriation,-1.0,0.0,Legal,expropriation,0,,,,,,,,
43,FACTO,-1.0,0.0,Legal,facto,0,,,,,,,,
44,FIDE,-1.0,0.0,Legal,fide,0,,,,,,,,
45,FORECLOSED,-1.0,0.0,Legal,foreclosed,0,,,,,,,,
46,FORECLOSURE,-1.0,0.0,Legal,foreclosure,0,,,,,,,,
47,FRAUD,-1.0,0.0,Legal,fraud,0,,,,,,,,
48,FRAUDULENT,-1.0,0.0,Legal,fraudulent,0,,,,,,,,
49,Government,-1.0,0.0,Legal,government,0,,,,,,,,
50,GRANTOR,-1.0,0.0,Legal,grantor,0,,,,,,,,
51,HAZARD,-1.0,0.0,Legal,hazard,0,,,,,,,,
52,ILLEGAL,-1.0,0.0,Legal,illegal,0,,,,,,,,
53,INDEMNIFICATION,-1.0,0.0,Legal,indemnification,0,,,,,,,,
54,INDEMNIFY,-1.0,0.0,Legal,indemnify,0,,,,,,,,
55,INJUNCTION,-1.0,0.0,Legal,injunction,0,,,,,,,,
56,INJUNCTIONS,-1.0,0.0,Legal,injunctions,0,,,,,,,,
57,INSOLVENCY,-1.0,0.0,Legal,insolvency,0,,,,,,,,
58,INSOLVENT,-1.0,0.0,Legal,insolvent,0,,,,,,,,
59,intervention,-1.0,0.0,Legal,intervention,0,,,,,,,,
60,INVOLUNTARILY,-1.0,0.0,Legal,involuntarily,0,,,,,,,,
61,INVOLUNTARY,-1.0,0.0,Legal,involuntary,0,,,,,,,,
62,IRREVOCABLE,-1.0,0.0,Legal,irrevocable,0,,,,,,,,
63,IRREVOCABLY,-1.0,0.0,Legal,irrevocably,0,,,,,,,,
64,JUDICIAL,-1.0,0.0,Legal,judicial,0,,,,,,,,
65,JURISDICTION,-1.0,0.0,Legal,jurisdiction,0,,,,,,,,
66,JURISDICTIONAL,-1.0,0.0,Legal,jurisdictional,0,,,,,,,,
67,JURISDICTIONS,-1.0,0.0,Legal,jurisdictions,0,,,,,,,,
68,LAW,-1.0,0.0,Legal,law,0,,,,,,,,
69,LAWFULLY,-1.0,0.0,Legal,lawfully,0,,,,,,,,
70,LAWS,-1.0,0.0,Legal,laws,0,,,,,,,,
71,LAWSUIT,-1.0,0.0,Legal,lawsuit,0,,,,,,,,
72,LAWSUITS,-1.0,0.0,Legal,lawsuits,0,,,,,,,,
73,LEGAL,-1.0,0.0,Legal,legal,0,,,,,,,,
74,LEGALIZED,-1.0,0.0,Legal,legalized,0,,,,,,,,
75,LEGALIZES,-1.0,0.0,Legal,legalizes,0,,,,,,,,
76,LEGALLY,-1.0,0.0,Legal,legally,0,,,,,,,,
77,LEGISLATION,-1.0,0.0,Legal,legislation,0,,,,,,,,
78,LEGISLATIONS,-1.0,0.0,Legal,legislations,0,,,,,,,,
79,LEGISLATIVE,-1.0,0.0,Legal,legislative,0,,,,,,,,
80,LEGISLATOR,-1.0,0.0,Legal,legislator,0,,,,,,,,
81,LEGISLATORS,-1.0,0.0,Legal,legislators,0,,,,,,,,
82,LEGISLATURE,-1.0,0.0,Legal,legislature,0,,,,,,,,
83,LEGISLATURES,-1.0,0.0,Legal,legislatures,0,,,,,,,,
84,LIABILITY,-1.0,0.0,Legal,liability,0,,,,,,,,
85,LIEN,-1.0,0.0,Legal,lien,0,,,,,,,,
86,LIQUIDATE,-1.0,0.0,Legal,liquidate,0,,,,,,,,
87,LIQUIDATED,-1.0,0.0,Legal,liquidated,0,,,,,,,,
88,LIQUIDATES,-1.0,0.0,Legal,liquidates,0,,,,,,,,
89,LIQUIDATING,-1.0,0.0,Legal,liquidating,0,,,,,,,,
90,LIQUIDATION,-1.0,0.0,Legal,liquidation,0,,,,,,,,
91,LIQUIDATIONS,-1.0,0.0,Legal,liquidations,0,,,,,,,,
92,LITIGATING,-1.0,0.0,Legal,litigating,0,,,,,,,,
93,LITIGATION,-1.0,0.0,Legal,litigation,0,,,,,,,,
94,MALPRACTICE,-1.0,0.0,Legal,malpractice,0,,,,,,,,
95,MANDATE,-1.0,0.0,Legal,mandate,0,,,,,,,,
96,MANDATED,-1.0,0.0,Legal,mandated,0,,,,,,,,
97,MANDATES,-1.0,0.0,Legal,mandates,0,,,,,,,,
98,MANDATORY,-1.0,0.0,Legal,mandatory,0,,,,,,,,
99,MISREPRESENTATION,-1.0,0.0,Legal,misrepresentation,0,,,,,,,,
100,MONOPOLY,-1.0,0.0,Legal,monopoly,0,,,,,,,,
101,NATIONALIZATION,-1.0,0.0,Legal,nationalization,0,,,,,,,,
102,OBLIGOR,-1.0,0.0,Legal,obligor,0,,,,,,,,
103,OBLIGORS,-1.0,0.0,Legal,obligors,0,,,,,,,,
104,PARI,-1.0,0.0,Legal,pari,0,,,,,,,,
105,PASSU,-1.0,0.0,Legal,passu,0,,,,,,,,
106,PENALTIES,-1.0,0.0,Legal,penalties,0,,,,,,,,
107,PERJURY,-1.0,0.0,Legal,perjury,0,,,,,,,,
108,PROHIBIT,-1.0,0.0,Legal,prohibit,0,,,,,,,,
109,PROHIBITED,-1.0,0.0,Legal,prohibited,0,,,,,,,,
110,PROHIBITING,-1.0,0.0,Legal,prohibiting,0,,,,,,,,
111,PROHIBITION,-1.0,0.0,Legal,prohibition,0,,,,,,,,
112,PROHIBITIONS,-1.0,0.0,Legal,prohibitions,0,,,,,,,,
113,PROHIBITIVELY,-1.0,0.0,Legal,prohibitively,0,,,,,,,,
114,PROHIBITS,-1.0,0.0,Legal,prohibits,0,,,,,,,,
115,REBUTTABLE,-1.0,0.0,Legal,rebuttable,0,,,,,,,,
116,REFERENDUM,-1.0,0.0,Legal,referendum,0,,,,,,,,
117,REGULATE,-1.0,0.0,Legal,regulate,0,,,,,,,,
118,REGULATED,-1.0,0.0,Legal,regulated,0,,,,,,,,
119,REGULATES,-1.0,0.0,Legal,regulates,0,,,,,,,,
120,REGULATING,-1.0,0.0,Legal,regulating,0,,,,,,,,
121,REGULATION,-1.0,0.0,Legal,regulation,0,,,,,,,,
122,REGULATIONS,-1.0,0.0,Legal,regulations,0,,,,,,,,
123,REGULATOR,-1.0,0.0,Legal,regulator,0,,,,,,,,
124,REGULATORS,-1.0,0.0,Legal,regulators,0,,,,,,,,
125,REGULATORY,-1.0,0.0,Legal,regulatory,0,,,,,,,,
126,REMAND,-1.0,0.0,Legal,remand,0,,,,,,,,
127,REMEDIATION,-1.0,0.0,Legal,remediation,0,,,,,,,,
128,RENEGOTIATION,-1.0,0.0,Legal,renegotiation,0,,,,,,,,
129,REPOSSESSED,-1.0,0.0,Legal,repossessed,0,,,,,,,,
130,RESCIND,-1.0,0.0,Legal,rescind,0,,,,,,,,
131,RESCINDED,-1.0,0.0,Legal,rescinded,0,,,,,,,,
132,RESCINDING,-1.0,0.0,Legal,rescinding,0,,,,,,,,
133,RESCISSION,-1.0,0.0,Legal,rescission,0,,,,,,,,
134,REVOCATION,-1.0,0.0,Legal,revocation,0,,,,,,,,
135,RULING,-1.0,0.0,Legal,ruling,0,,,,,,,,
136,RULINGS,-1.0,0.0,Legal,rulings,0,,,,,,,,
137,SANCTIONS,-1.0,0.0,Legal,sanctions,0,,,,,,,,
138,STATUTE,-1.0,0.0,Legal,statute,0,,,,,,,,
139,STATUTES,-1.0,0.0,Legal,statutes,0,,,,,,,,
140,STATUTORY,-1.0,0.0,Legal,statutory,0,,,,,,,,
141,SUE,-1.0,0.0,Legal,sue,0,,,,,,,,
142,TARIFF,-1.0,0.0,Legal,tariff,0,,,,,,,,
143,TARIFFS,-1.0,0.0,Legal,tariffs,0,,,,,,,,
144,TAX,-1.0,0.0,Legal,tax,0,,,,,,,,
145,TERMINATE,-1.0,0.0,Legal,terminate,0,,,,,,,,
146,TERMINATED,-1.0,0.0,Legal,terminated,0,,,,,,,,
147,TERMINATES,-1.0,0.0,Legal,terminates,0,,,,,,,,
148,TERMINATING,-1.0,0.0,Legal,terminating,0,,,,,,,,
149,TERMINATION,-1.0,0.0,Legal,termination,0,,,,,,,,
150,UNCONSTITUTIONAL,-1.0,0.0,Legal,unconstitutional,0,,,,,,,,
151,UNENFORCEABLE,-1.0,0.0,Legal,unenforceable,0,,,,,,,,
152,UNLAWFUL,-1.0,0.0,Legal,unlawful,0,,,,,,,,
153,USURY,-1.0,0.0,Legal,usury,0,,,,,,,,
154,VOIDED,-1.0,0.0,Legal,voided,0,,,,,,,,
155,ALLEGE,-1.0,0.0,Legal,allege,0,,,,,,,,
156,CLAIMED,-1.0,0.0,Legal,claimed,0,,,,,,,,
157,CLAIMING,-1.0,0.0,Legal,claiming,0,,,,,,,,
158,COMPELLED,-1.0,0.0,Legal,compelled,0,,,,,,,,
159,COMPEL,-1.0,0.0,Legal,compel,0,,,,,,,,
160,CRIMES,-1.0,0.0,Legal,crimes,0,,,,,,,,
161,EXPROPRIATE,-1.0,0.0,Legal,expropriate,0,,,,,,,,
162,FORECLOSE,-1.0,0.0,Legal,foreclose,0,,,,,,,,
163,HAZARDOUS,-1.0,0.0,Legal,hazardous,0,,,,,,,,
164,PENALTY,-1.0,0.0,Legal,penalty,0,,,,,,,,
165,REVOKED,-1.0,0.0,Legal,revoked,0,,,,,,,,
166,REVOKE,-1.0,0.0,Legal,revoke,0,,,,,,,,
167,RULED,-1.0,0.0,Legal,ruled,0,,,,,,,,
168,SCRUTINY,-1.0,0.0,Legal,scrutiny,0,,,,,,,,
169,SANCTION,-1.0,0.0,Legal,sanction,0,,,,,,,,
170,TAXES,-1.0,0.0,Legal,taxes,0,,,,,,,,
171,TAXED,-1.0,0.0,Legal,taxed,0,,,,,,,,
172,PROXY CONTEST,-1.0,0.0,Legal,proxy contest,0,,,,,,,,
173,CONTESTED MATTERS,-1.0,0.0,Legal,contested matters,0,,,,,,,,
174,COLLATERAL,-1.0,0.0,Legal,collateral,0,,,,,,,,
175,no action,-1.0,0.0,Legal,no action,0,,,,,,,,
176,No-action,-1.0,0.0,Legal,no action,0,,,,,,,,
0,ABNORMAL,0.75,0.0,Uncertain,abnormal,0,,,,,,,,
1,ABNORMALLY,0.75,0.0,Uncertain,abnormally,0,,,,,,,,
2,ABSENCE,1.25,0.0,Uncertain,absence,0,,,,,,,,
3,ALTERATION,0.75,0.0,Uncertain,alteration,0,,,,,,,,
4,AMBIGUOUS,0.75,0.0,Uncertain,ambiguous,0,,,,,,,,
5,ANOMALIES,0.25,0.0,Uncertain,anomalies,0,,,,,,,,
6,ANOMALY,0.25,0.0,Uncertain,anomaly,0,,,,,,,,
7,ANTICIPATE,1.25,0.0,Uncertain,anticipate,0,,,,,,,,
8,ANTICIPATED,1.25,0.0,Uncertain,anticipated,0,,,,,,,,
9,ANTICIPATES,1.25,0.0,Uncertain,anticipates,0,,,,,,,,
10,ANTICIPATING,1.25,0.0,Uncertain,anticipating,0,,,,,,,,
11,ANTICIPATION,1.25,0.0,Uncertain,anticipation,0,,,,,,,,
12,APPARENT,1.25,0.0,Uncertain,apparent,0,,,,,,,,
13,APPARENTLY,1.25,0.0,Uncertain,apparently,0,,,,,,,,
14,APPROXIMATE,1.25,0.0,Uncertain,approximate,0,,,,,,,,
15,APPROXIMATED,1.25,0.0,Uncertain,approximated,0,,,,,,,,
16,APPROXIMATES,1.25,0.0,Uncertain,approximates,0,,,,,,,,
17,APPROXIMATING,1.25,0.0,Uncertain,approximating,0,,,,,,,,
18,APPROXIMATION,1.25,0.0,Uncertain,approximation,0,,,,,,,,
19,APPROXIMATIONS,1.25,0.0,Uncertain,approximations,0,,,,,,,,
20,ARBITRARY,0.25,0.0,Uncertain,arbitrary,0,,,,,,,,
21,ASSUMING,0.25,0.0,Uncertain,assuming,0,,,,,,,,
22,ASSUMPTION,0.75,0.0,Uncertain,assumption,0,,,,,,,,
23,ASSUMPTIONS,0.75,0.0,Uncertain,assumptions,0,,,,,,,,
24,atypical,0.25,0.0,Uncertain,atypical,0,,,,,,,,
25,average,1.25,0.0,Uncertain,average,0,,,,,,,,
26,BELIEVE,0.75,0.0,Uncertain,believe,0,,,,,,,,
27,BELIEVED,0.75,0.0,Uncertain,believed,0,,,,,,,,
28,BELIEVES,0.75,0.0,Uncertain,believes,0,,,,,,,,
29,BELIEVING,0.75,0.0,Uncertain,believing,0,,,,,,,,
30,certain,0.75,0.0,Uncertain,certain,0,,,,,,,,
31,certainty,0.75,0.0,Uncertain,certainty,0,,,,,,,,
32,chance,1.25,0.0,Uncertain,chance,0,,,,,,,,
33,change,1.25,0.0,Uncertain,change,0,,,,,,,,
34,CLARIFICATION,1.25,0.0,Uncertain,clarification,0,,,,,,,,
35,CLARIFICATIONS,0.75,0.0,Uncertain,clarifications,0,,,,,,,,
36,CONDITIONAL,0.75,0.0,Uncertain,conditional,0,,,,,,,,
37,CONFUSION,0.75,0.0,Uncertain,confusion,0,,,,,,,,
38,consistency,1.25,0.0,Uncertain,consistency,0,,,,,,,,
39,consistent,1.25,0.0,Uncertain,consistent,0,,,,,,,,
40,constantly,1.25,0.0,Uncertain,constantly,0,,,,,,,,
41,continual,1.25,0.0,Uncertain,continual,0,,,,,,,,
42,continuity,1.25,0.0,Uncertain,continuity,0,,,,,,,,
43,customarily,0.75,0.0,Uncertain,customarily,0,,,,,,,,
44,customary,0.75,0.0,Uncertain,customary,0,,,,,,,,
45,DESTABILIZING,1.25,0.0,Uncertain,destabilizing,0,,,,,,,,
46,DEVIATE,1.25,0.0,Uncertain,deviate,0,,,,,,,,
47,DEVIATED,1.25,0.0,Uncertain,deviated,0,,,,,,,,
48,DEVIATES,1.25,0.0,Uncertain,deviates,0,,,,,,,,
49,DEVIATING,1.25,0.0,Uncertain,deviating,0,,,,,,,,
50,DEVIATION,1.25,0.0,Uncertain,deviation,0,,,,,,,,
51,DEVIATIONS,0.75,0.0,Uncertain,deviations,0,,,,,,,,
52,DIFFER,0.75,0.0,Uncertain,differ,0,,,,,,,,
53,DIFFERED,0.75,0.0,Uncertain,differed,0,,,,,,,,
54,difference,0.75,0.0,Uncertain,difference,0,,,,,,,,
55,different,0.75,0.0,Uncertain,different,0,,,,,,,,
56,differential,0.75,0.0,Uncertain,differential,0,,,,,,,,
57,differently,0.75,0.0,Uncertain,differently,0,,,,,,,,
58,DIFFERING,0.75,0.0,Uncertain,differing,0,,,,,,,,
59,DIFFERS,0.25,0.0,Uncertain,differs,0,,,,,,,,
60,distant,0.25,0.0,Uncertain,distant,0,,,,,,,,
61,divergence,0.25,0.0,Uncertain,divergence,0,,,,,,,,
62,diverging,0.25,0.0,Uncertain,diverging,0,,,,,,,,
63,DOUBT,0.25,0.0,Uncertain,doubt,0,,,,,,,,
64,DOUBTFUL,0.25,0.0,Uncertain,doubtful,0,,,,,,,,
65,DOUBTS,0.25,0.0,Uncertain,doubts,0,,,,,,,,
66,eventual,1.25,0.0,Uncertain,eventual,0,,,,,,,,
67,eventually,1.25,0.0,Uncertain,eventually,0,,,,,,,,
68,expect,0.75,0.0,Uncertain,expect,0,,,,,,,,
69,FLUCTUATE,0.25,0.0,Uncertain,fluctuate,0,,,,,,,,
70,FLUCTUATED,0.25,0.0,Uncertain,fluctuated,0,,,,,,,,
71,FLUCTUATES,0.25,0.0,Uncertain,fluctuates,0,,,,,,,,
72,FLUCTUATING,0.25,0.0,Uncertain,fluctuating,0,,,,,,,,
73,FLUCTUATION,0.25,0.0,Uncertain,fluctuation,0,,,,,,,,
74,FLUCTUATIONS,0.25,0.0,Uncertain,fluctuations,0,,,,,,,,
75,HIDDEN,0.75,0.0,Uncertain,hidden,0,,,,,,,,
76,IMPRECISE,0.75,0.0,Uncertain,imprecise,0,,,,,,,,
77,IMPRECISION,0.75,0.0,Uncertain,imprecision,0,,,,,,,,
78,INCOMPLETE,0.25,0.0,Uncertain,incomplete,0,,,,,,,,
79,INCORRECT,0.25,0.0,Uncertain,incorrect,0,,,,,,,,
80,INDEFINITE,0.25,0.0,Uncertain,indefinite,0,,,,,,,,
81,INDEFINITELY,0.25,0.0,Uncertain,indefinitely,0,,,,,,,,
82,INDETERMINATE,0.75,0.0,Uncertain,indeterminate,0,,,,,,,,
83,indicate,1.25,0.0,Uncertain,indicate,0,,,,,,,,
84,INSTABILITIES,0.75,0.0,Uncertain,instabilities,0,,,,,,,,
85,INSTABILITY,1.25,0.0,Uncertain,instability,0,,,,,,,,
86,irrationally,1.25,0.0,Uncertain,irrationally,0,,,,,,,,
87,PENDING,0.75,0.0,Uncertain,pending,0,,,,,,,,
88,PERHAPS,0.75,0.0,Uncertain,perhaps,0,,,,,,,,
89,periodic,0.75,0.0,Uncertain,periodic,0,,,,,,,,
90,periodically,0.75,0.0,Uncertain,periodically,0,,,,,,,,
91,perpetual,0.75,0.0,Uncertain,perpetual,0,,,,,,,,
92,POSSIBILITIES,0.75,0.0,Uncertain,possibilities,0,,,,,,,,
93,POSSIBILITY,0.75,0.0,Uncertain,possibility,0,,,,,,,,
94,POSSIBLE,0.75,0.0,Uncertain,possible,0,,,,,,,,
95,POSSIBLY,1.25,0.0,Uncertain,possibly,0,,,,,,,,
96,potential,1.25,0.0,Uncertain,potential,0,,,,,,,,
97,potentially,0.75,0.0,Uncertain,potentially,0,,,,,,,,
98,precarious,0.75,0.0,Uncertain,precarious,0,,,,,,,,
99,PREDICT,1.25,0.0,Uncertain,predict,0,,,,,,,,
100,PREDICTABILITY,1.25,0.0,Uncertain,predictability,0,,,,,,,,
101,predictable,1.25,0.0,Uncertain,predictable,0,,,,,,,,
102,PREDICTED,1.25,0.0,Uncertain,predicted,0,,,,,,,,
103,PREDICTING,1.25,0.0,Uncertain,predicting,0,,,,,,,,
104,PREDICTION,1.25,0.0,Uncertain,prediction,0,,,,,,,,
105,PREDICTIONS,1.25,0.0,Uncertain,predictions,0,,,,,,,,
106,PREDICTIVE,1.25,0.0,Uncertain,predictive,0,,,,,,,,
107,PREDICTOR,1.25,0.0,Uncertain,predictor,0,,,,,,,,
108,PREDICTORS,1.25,0.0,Uncertain,predictors,0,,,,,,,,
109,PREDICTS,1.25,0.0,Uncertain,predicts,0,,,,,,,,
110,PRELIMINARILY,1.25,0.0,Uncertain,preliminarily,0,,,,,,,,
111,PRELIMINARY,1.25,0.0,Uncertain,preliminary,0,,,,,,,,
112,PRESUMABLY,1.25,0.0,Uncertain,presumably,0,,,,,,,,
113,PRESUMED,1.25,0.0,Uncertain,presumed,0,,,,,,,,
114,PRESUMPTION,0.75,0.0,Uncertain,presumption,0,,,,,,,,
115,PROBABILITIES,0.75,0.0,Uncertain,probabilities,0,,,,,,,,
116,PROBABILITY,0.75,0.0,Uncertain,probability,0,,,,,,,,
117,PROBABLE,0.75,0.0,Uncertain,probable,0,,,,,,,,
118,PROBABLY,0.25,0.0,Uncertain,probably,0,,,,,,,,
119,quasi,0.75,0.0,Uncertain,quasi,0,,,,,,,,
120,RANDOM,0.75,0.0,Uncertain,random,0,,,,,,,,
121,reliability,0.75,0.0,Uncertain,reliability,0,,,,,,,,
122,RISK,1.25,0.0,Uncertain,risk,0,,,,,,,,
123,RISKIER,0.75,0.0,Uncertain,riskier,0,,,,,,,,
124,RISKINESS,0.75,0.0,Uncertain,riskiness,0,,,,,,,,
125,RISKING,0.75,0.0,Uncertain,risking,0,,,,,,,,
126,RISKS,0.75,0.0,Uncertain,risks,0,,,,,,,,
127,RISKY,0.25,0.0,Uncertain,risky,0,,,,,,,,
128,SPECULATE,0.25,0.0,Uncertain,speculate,0,,,,,,,,
129,SPECULATING,0.25,0.0,Uncertain,speculating,0,,,,,,,,
130,SPECULATION,0.25,0.0,Uncertain,speculation,0,,,,,,,,
131,SPECULATIVE,0.25,0.0,Uncertain,speculative,0,,,,,,,,
132,SPECULATIVELY,1.25,0.0,Uncertain,speculatively,0,,,,,,,,
133,sure,0.25,0.0,Uncertain,sure,0,,,,,,,,
134,surprise,0.75,0.0,Uncertain,surprise,0,,,,,,,,
135,SUSCEPTIBILITY,1.25,0.0,Uncertain,susceptibility,0,,,,,,,,
136,swing,0.75,0.0,Uncertain,swing,0,,,,,,,,
137,temporarily,0.75,0.0,Uncertain,temporarily,0,,,,,,,,
138,temporary,0.75,0.0,Uncertain,temporary,0,,,,,,,,
139,tendency,0.75,0.0,Uncertain,tendency,0,,,,,,,,
140,TENTATIVELY,0.25,0.0,Uncertain,tentatively,0,,,,,,,,
141,TURBULENCE,0.75,0.0,Uncertain,turbulence,0,,,,,,,,
142,typical,0.25,0.0,Uncertain,typical,0,,,,,,,,
143,typically,0.25,0.0,Uncertain,typically,0,,,,,,,,
144,UNCERTAIN,0.75,0.0,Uncertain,uncertain,0,,,,,,,,
145,UNCERTAINTIES,0.75,0.0,Uncertain,uncertainties,0,,,,,,,,
146,UNCERTAINTY,0.75,0.0,Uncertain,uncertainty,0,,,,,,,,
147,UNCLEAR,0.75,0.0,Uncertain,unclear,0,,,,,,,,
148,UNDETERMINED,0.75,0.0,Uncertain,undetermined,0,,,,,,,,
149,UNEXPECTED,0.25,0.0,Uncertain,unexpected,0,,,,,,,,
150,UNEXPECTEDLY,0.75,0.0,Uncertain,unexpectedly,0,,,,,,,,
151,UNKNOWN,0.25,0.0,Uncertain,unknown,0,,,,,,,,
152,unlikely,0.25,0.0,Uncertain,unlikely,0,,,,,,,,
153,UNPLANNED,0.25,0.0,Uncertain,unplanned,0,,,,,,,,
154,UNPREDICTABILITY,0.25,0.0,Uncertain,unpredictability,0,,,,,,,,
155,UNPREDICTABLE,0.25,0.0,Uncertain,unpredictable,0,,,,,,,,
156,UNPREDICTABLY,0.25,0.0,Uncertain,unpredictably,0,,,,,,,,
157,UNPROVEN,0.75,0.0,Uncertain,unproven,0,,,,,,,,
158,UNQUANTIFIABLE,0.25,0.0,Uncertain,unquantifiable,0,,,,,,,,
159,UNSETTLED,0.75,0.0,Uncertain,unsettled,0,,,,,,,,
160,UNTESTED,0.75,0.0,Uncertain,untested,0,,,,,,,,
161,UNUSUAL,0.25,0.0,Uncertain,unusual,0,,,,,,,,
162,UNUSUALLY,0.25,0.0,Uncertain,unusually,0,,,,,,,,
163,usual,0.25,0.0,Uncertain,usual,0,,,,,,,,
164,VAGUE,0.75,0.0,Uncertain,vague,0,,,,,,,,
165,VARIABILITY,0.75,0.0,Uncertain,variability,0,,,,,,,,
166,VARIABLE,0.75,0.0,Uncertain,variable,0,,,,,,,,
167,VARIABLES,0.75,0.0,Uncertain,variables,0,,,,,,,,
168,VARIANCE,0.75,0.0,Uncertain,variance,0,,,,,,,,
169,VARIANCES,0.75,0.0,Uncertain,variances,0,,,,,,,,
170,VARIANT,0.75,0.0,Uncertain,variant,0,,,,,,,,
171,VARIATION,0.75,0.0,Uncertain,variation,0,,,,,,,,
172,VARIATIONS,0.75,0.0,Uncertain,variations,0,,,,,,,,
173,VARIED,0.75,0.0,Uncertain,varied,0,,,,,,,,
174,VARIES,0.75,0.0,Uncertain,varies,0,,,,,,,,
175,VARY,0.75,0.0,Uncertain,vary,0,,,,,,,,
176,VARYING,0.75,0.0,Uncertain,varying,0,,,,,,,,
177,VOLATILE,0.25,0.0,Uncertain,volatile,0,,,,,,,,
178,VOLATILITIES,0.25,0.0,Uncertain,volatilities,0,,,,,,,,
179,BELIEF,1.25,0.0,Uncertain,belief,0,,,,,,,,
180,CHANCES,1.25,0.0,Uncertain,chances,0,,,,,,,,
181,CHANGING,1.25,0.0,Uncertain,changing,0,,,,,,,,
182,CHANGED,0.75,0.0,Uncertain,changed,0,,,,,,,,
183,CHANGES,1.25,0.0,Uncertain,changes,0,,,,,,,,
184,CONSISTENTLY,1.25,0.0,Uncertain,consistently,0,,,,,,,,
185,EXPECTING,1.25,0.0,Uncertain,expecting,0,,,,,,,,
186,EXPECTS,1.25,0.0,Uncertain,expects,0,,,,,,,,
187,EXPECTED,1.25,0.0,Uncertain,expected,0,,,,,,,,
188,PREDICTABLE,1.25,0.0,Uncertain,predictable,0,,,,,,,,
189,APPARENT,0.5,0.0,Uncertain,apparent,0,,,,,,,,
190,APPROXIMATE,0.5,0.0,Uncertain,approximate,0,,,,,,,,
191,VOLATILITY,0.25,0.0,Uncertain,volatility,0,,,,,,,,
192,turbulent,1.25,0.0,Uncertain,turbulent,0,,,,,,,,
193,RISKIEST,0.25,0.0,Uncertain,riskiest,0,,,,,,,,
0,above,0.75,0.0,Degree,above,0,,,,,,,,
1,accelerate,1.25,0.0,Degree,accelerate,0,,,,,,,,
2,accelerated,1.25,0.0,Degree,accelerated,0,,,,,,,,
3,acutely,0.75,0.0,Degree,acutely,0,,,,,,,,
4,additional,0.75,0.0,Degree,additional,0,,,,,,,,
5,adequate,0.75,0.0,Degree,adequate,0,,,,,,,,
6,advanced,1.25,0.0,Degree,advanced,0,,,,,,,,
7,ALMOST,1.25,0.0,Degree,almost,0,,,,,,,,
8,ALWAYS,1.25,0.0,Degree,always,0,,,,,,,,
9,ample,1.25,0.0,Degree,ample,0,,,,,,,,
10,amplified,1.25,0.0,Degree,amplified,0,,,,,,,,
11,APPEARING,0.75,0.0,Degree,appearing,0,,,,,,,,
12,appropriately,0.5,0.0,Degree,appropriately,0,,,,,,,,
13,ARBITRARILY,1.25,0.0,Degree,arbitrarily,0,,,,,,,,
14,augment,1.25,0.0,Degree,augment,0,,,,,,,,
15,average,0.75,0.0,Degree,average,0,,,,,,,,
16,beginning,0.5,0.0,Degree,beginning,0,,,,,,,,
17,below,0.75,0.0,Degree,below,0,,,,,,,,
18,BEST,1.25,0.0,Degree,best,0,,,,,,,,
19,beyond,1.25,0.0,Degree,beyond,0,,,,,,,,
20,big,0.75,0.0,Degree,big,0,,,,,,,,
21,bigger,0.75,0.0,Degree,bigger,0,,,,,,,,
22,biggest,1.25,0.0,Degree,biggest,0,,,,,,,,
23,bold,1.25,0.0,Degree,bold,0,,,,,,,,
24,bottom,1.25,0.0,Degree,bottom,0,,,,,,,,
25,broadly,0.5,0.0,Degree,broadly,0,,,,,,,,
26,CAUTIOUS,0.75,0.0,Degree,cautious,0,,,,,,,,
27,centrally,0.75,0.0,Degree,centrally,0,,,,,,,,
28,CLEARLY,1.25,0.0,Degree,clearly,0,,,,,,,,
29,closely,0.75,0.0,Degree,closely,0,,,,,,,,
30,commonly,0.75,0.0,Degree,commonly,0,,,,,,,,
31,complete,1.25,0.0,Degree,complete,0,,,,,,,,
32,completely,1.25,0.0,Degree,completely,0,,,,,,,,
33,comprehensive,1.25,0.0,Degree,comprehensive,0,,,,,,,,
34,CONDITIONALLY,0.75,0.0,Degree,conditionally,0,,,,,,,,
35,considerable,0.75,0.0,Degree,considerable,0,,,,,,,,
36,considerably,0.75,0.0,Degree,considerably,0,,,,,,,,
37,considerably,0.75,0.0,Degree,considerably,0,,,,,,,,
38,considered,0.75,0.0,Degree,considered,0,,,,,,,,
39,consistently,0.75,0.0,Degree,consistently,0,,,,,,,,
40,continual,0.75,0.0,Degree,continual,0,,,,,,,,
41,continuous,0.75,0.0,Degree,continuous,0,,,,,,,,
42,current,0.5,0.0,Degree,current,0,,,,,,,,
43,deep,1.25,0.0,Degree,deep,0,,,,,,,,
44,DEFINITELY,1.25,0.0,Degree,definitely,0,,,,,,,,
45,degree,0.75,0.0,Degree,degree,0,,,,,,,,
46,depressed,0.75,0.0,Degree,depressed,0,,,,,,,,
47,discrete,0.25,0.0,Degree,discrete,0,,,,,,,,
48,DISPROPORTIONAL,0.75,0.0,Degree,disproportional,0,,,,,,,,
49,DISPROPORTIONATE,0.75,0.0,Degree,disproportionate,0,,,,,,,,
50,DISPROPORTIONATELY,0.75,0.0,Degree,disproportionately,0,,,,,,,,
51,dominance,1.25,0.0,Degree,dominance,0,,,,,,,,
52,dominant,1.25,0.0,Degree,dominant,0,,,,,,,,
53,down,0.75,0.0,Degree,down,0,,,,,,,,
54,dramatic,1.25,0.0,Degree,dramatic,0,,,,,,,,
55,dramatic,1.25,0.0,Degree,dramatic,0,,,,,,,,
56,dramatically,1.25,0.0,Degree,dramatically,0,,,,,,,,
57,dramatically,1.25,0.0,Degree,dramatically,0,,,,,,,,
58,dropping,0.75,0.0,Degree,dropping,0,,,,,,,,
59,early,0.25,0.0,Degree,early,0,,,,,,,,
60,elevated,1.25,0.0,Degree,elevated,0,,,,,,,,
61,emphasis,0.75,0.0,Degree,emphasis,0,,,,,,,,
62,enough,0.75,0.0,Degree,enough,0,,,,,,,,
63,entirely,1.25,0.0,Degree,entirely,0,,,,,,,,
64,entirety,1.25,0.0,Degree,entirety,0,,,,,,,,
65,especially,0.75,0.0,Degree,especially,0,,,,,,,,
66,essential,1.25,0.0,Degree,essential,0,,,,,,,,
67,every,1.25,0.0,Degree,every,0,,,,,,,,
68,exact,1.25,0.0,Degree,exact,0,,,,,,,,
69,exactly,1.25,0.0,Degree,exactly,0,,,,,,,,
70,exceed,1.25,0.0,Degree,exceed,0,,,,,,,,
71,exceeding,1.25,0.0,Degree,exceeding,0,,,,,,,,
72,excess,1.25,0.0,Degree,excess,0,,,,,,,,
73,exclusively,1.25,0.0,Degree,exclusively,0,,,,,,,,
74,exponential,1.25,0.0,Degree,exponential,0,,,,,,,,
75,extensive,1.25,0.0,Degree,extensive,0,,,,,,,,
76,extensively,1.25,0.0,Degree,extensively,0,,,,,,,,
77,extra,0.75,0.0,Degree,extra,0,,,,,,,,
78,extraordinarily,1.25,0.0,Degree,extraordinarily,0,,,,,,,,
79,extreme,1.25,0.0,Degree,extreme,0,,,,,,,,
80,extremely,1.25,0.0,Degree,extremely,0,,,,,,,,
81,fair,0.25,0.0,Degree,fair,0,,,,,,,,
82,fairly,0.25,0.0,Degree,fairly,0,,,,,,,,
83,falling,0.75,0.0,Degree,falling,0,,,,,,,,
84,farther,0.75,0.0,Degree,farther,0,,,,,,,,
85,fast,0.75,0.0,Degree,fast,0,,,,,,,,
86,faster,0.75,0.0,Degree,faster,0,,,,,,,,
87,FAVORITE,1.25,0.0,Degree,favorite,0,,,,,,,,
88,few,0.25,0.0,Degree,few,0,,,,,,,,
89,firmly,1.25,0.0,Degree,firmly,0,,,,,,,,
90,frequency,0.75,0.0,Degree,frequency,0,,,,,,,,
91,frequent,1.25,0.0,Degree,frequent,0,,,,,,,,
92,FREQUENTLY,1.25,0.0,Degree,frequently,0,,,,,,,,
93,fuller,0.75,0.0,Degree,fuller,0,,,,,,,,
94,fully,1.25,0.0,Degree,fully,0,,,,,,,,
95,general,0.25,0.0,Degree,general,0,,,,,,,,
96,GENERALLY,0.75,0.0,Degree,generally,0,,,,,,,,
97,GOOD,0.75,0.0,Degree,good,0,,,,,,,,
98,gradual,0.25,0.0,Degree,gradual,0,,,,,,,,
99,gradually,0.25,0.0,Degree,gradually,0,,,,,,,,
100,GREAT,0.75,0.0,Degree,great,0,,,,,,,,
101,GREATER,0.75,0.0,Degree,greater,0,,,,,,,,
102,GREATEST,1.25,0.0,Degree,greatest,0,,,,,,,,
103,GREATLY,1.25,0.0,Degree,greatly,0,,,,,,,,
104,gross,1.25,0.0,Degree,gross,0,,,,,,,,
105,guaranty,1.25,0.0,Degree,guaranty,0,,,,,,,,
106,hard,0.75,0.0,Degree,hard,0,,,,,,,,
107,harder,0.75,0.0,Degree,harder,0,,,,,,,,
108,harder,0.75,0.0,Degree,harder,0,,,,,,,,
109,heavily,1.25,0.0,Degree,heavily,0,,,,,,,,
110,heavy,1.25,0.0,Degree,heavy,0,,,,,,,,
111,heavy,1.25,0.0,Degree,heavy,0,,,,,,,,
112,heightened,1.25,0.0,Degree,heightened,0,,,,,,,,
113,high ,0.75,0.0,Degree,high ,0,,,,,,,,
114,higher,0.75,0.0,Degree,higher,0,,,,,,,,
115,HIGHEST,1.25,0.0,Degree,highest,0,,,,,,,,
116,highly,1.25,0.0,Degree,highly,0,,,,,,,,
117,huge,1.25,0.0,Degree,huge,0,,,,,,,,
118,hyper,1.25,0.0,Degree,hyper,0,,,,,,,,
119,immediate,1.25,0.0,Degree,immediate,0,,,,,,,,
120,immediately,1.25,0.0,Degree,immediately,0,,,,,,,,
121,imminent,0.75,0.0,Degree,imminent,0,,,,,,,,
122,imperfect,0.25,0.0,Degree,imperfect,0,,,,,,,,
123,imperfectly,0.25,0.0,Degree,imperfectly,0,,,,,,,,
124,importance,0.75,0.0,Degree,importance,0,,,,,,,,
125,important,1.25,0.0,Degree,important,0,,,,,,,,
126,importantly,1.25,0.0,Degree,importantly,0,,,,,,,,
127,increase,0.75,0.0,Degree,increase,0,,,,,,,,
128,increased,0.75,0.0,Degree,increased,0,,,,,,,,
129,increases,0.75,0.0,Degree,increases,0,,,,,,,,
130,increasingly,0.75,0.0,Degree,increasingly,0,,,,,,,,
131,incremental,0.25,0.0,Degree,incremental,0,,,,,,,,
132,infrequent,0.25,0.0,Degree,infrequent,0,,,,,,,,
133,infrequently,0.25,0.0,Degree,infrequently,0,,,,,,,,
134,INORDINATELY,1.25,0.0,Degree,inordinately,0,,,,,,,,
135,insignificant,0.25,0.0,Degree,insignificant,0,,,,,,,,
136,intense,1.25,0.0,Degree,intense,0,,,,,,,,
137,intensely,1.25,0.0,Degree,intensely,0,,,,,,,,
138,intensify,1.25,0.0,Degree,intensify,0,,,,,,,,
139,intermediate,0.75,0.0,Degree,intermediate,0,,,,,,,,
140,junior,0.25,0.0,Degree,junior,0,,,,,,,,
141,large,0.75,0.0,Degree,large,0,,,,,,,,
142,largely,0.75,0.0,Degree,largely,0,,,,,,,,
143,last,1.25,0.0,Degree,last,0,,,,,,,,
144,lasting,0.75,0.0,Degree,lasting,0,,,,,,,,
145,lastly,0.25,0.0,Degree,lastly,0,,,,,,,,
146,least,0.25,0.0,Degree,least,0,,,,,,,,
147,less,0.75,0.0,Degree,less,0,,,,,,,,
148,less,0.75,0.0,Degree,less,0,,,,,,,,
149,lesser,0.75,0.0,Degree,lesser,0,,,,,,,,
150,lessor,0.75,0.0,Degree,lessor,0,,,,,,,,
151,lighter,0.75,0.0,Degree,lighter,0,,,,,,,,
152,LIKELIHOOD,0.25,0.0,Degree,likelihood,0,,,,,,,,
153,LIKELY,0.25,0.0,Degree,likely,0,,,,,,,,
154,little,0.75,0.0,Degree,little,0,,,,,,,,
155,long,0.75,0.0,Degree,long,0,,,,,,,,
156,longer,0.75,0.0,Degree,longer,0,,,,,,,,
157,low,0.75,0.0,Degree,low,0,,,,,,,,
158,lower,0.75,0.0,Degree,lower,0,,,,,,,,
159,lowering,0.75,0.0,Degree,lowering,0,,,,,,,,
160,LOWEST,0.25,0.0,Degree,lowest,0,,,,,,,,
161,magnification,1.25,0.0,Degree,magnification,0,,,,,,,,
162,magnify,1.25,0.0,Degree,magnify,0,,,,,,,,
163,magnify,1.25,0.0,Degree,magnify,0,,,,,,,,
164,magnitude,1.25,0.0,Degree,magnitude,0,,,,,,,,
165,mainly,0.75,0.0,Degree,mainly,0,,,,,,,,
166,many,0.75,0.0,Degree,many,0,,,,,,,,
167,material,1.25,0.0,Degree,material,0,,,,,,,,
168,material,1.25,0.0,Degree,material,0,,,,,,,,
169,materially,1.25,0.0,Degree,materially,0,,,,,,,,
170,maximum,1.25,0.0,Degree,maximum,0,,,,,,,,
171,medium,0.75,0.0,Degree,medium,0,,,,,,,,
172,mere,0.25,0.0,Degree,mere,0,,,,,,,,
173,merely,0.25,0.0,Degree,merely,0,,,,,,,,
174,minimum,0.25,0.0,Degree,minimum,0,,,,,,,,
175,minor,0.25,0.0,Degree,minor,0,,,,,,,,
176,moderate,0.75,0.0,Degree,moderate,0,,,,,,,,
177,moderately,0.75,0.0,Degree,moderately,0,,,,,,,,
178,modest,0.25,0.0,Degree,modest,0,,,,,,,,
179,modestly,0.25,0.0,Degree,modestly,0,,,,,,,,
180,more,0.75,0.0,Degree,more,0,,,,,,,,
181,more,0.75,0.0,Degree,more,0,,,,,,,,
182,most,1.25,0.0,Degree,most,0,,,,,,,,
183,mostly,1.25,0.0,Degree,mostly,0,,,,,,,,
184,much,0.75,0.0,Degree,much,0,,,,,,,,
185,narrow,0.25,0.0,Degree,narrow,0,,,,,,,,
186,narrower,0.25,0.0,Degree,narrower,0,,,,,,,,
187,narrowly,0.25,0.0,Degree,narrowly,0,,,,,,,,
188,nascent,0.25,0.0,Degree,nascent,0,,,,,,,,
189,near,0.75,0.0,Degree,near,0,,,,,,,,
190,nearest,1.25,0.0,Degree,nearest,0,,,,,,,,
191,NEARLY,0.75,0.0,Degree,nearly,0,,,,,,,,
192,necessary,1.25,0.0,Degree,necessary,0,,,,,,,,
193,negatively,1.25,0.0,Degree,negatively,0,,,,,,,,
194,NEVER,0.25,0.0,Degree,never,0,,,,,,,,
195,nominal,0.25,0.0,Degree,nominal,0,,,,,,,,
196,normal,0.75,0.0,Degree,normal,0,,,,,,,,
197,normally,0.25,0.0,Degree,normally,0,,,,,,,,
198,numerous,0.75,0.0,Degree,numerous,0,,,,,,,,
199,OCCASIONALLY,0.75,0.0,Degree,occasionally,0,,,,,,,,
200,OFTEN,1.25,0.0,Degree,often,0,,,,,,,,
201,only,0.25,0.0,Degree,only,0,,,,,,,,
202,ORDINARILY,0.75,0.0,Degree,ordinarily,0,,,,,,,,
203,ordinary,0.25,0.0,Degree,ordinary,0,,,,,,,,
204,original,0.75,0.0,Degree,original,0,,,,,,,,
205,outside,0.25,0.0,Degree,outside,0,,,,,,,,
206,outstanding,1.25,0.0,Degree,outstanding,0,,,,,,,,
207,over,0.75,0.0,Degree,over,0,,,,,,,,
208,overall,0.75,0.0,Degree,overall,0,,,,,,,,
209,overly,0.75,0.0,Degree,overly,0,,,,,,,,
210,partial,0.25,0.0,Degree,partial,0,,,,,,,,
211,particularly,0.25,0.0,Degree,particularly,0,,,,,,,,
212,PENDING,0.25,0.0,Degree,pending,0,,,,,,,,
213,PERSISTENTLY,1.25,0.0,Degree,persistently,0,,,,,,,,
214,POPULAR,1.25,0.0,Degree,popular,0,,,,,,,,
215,POPULARITY,1.25,0.0,Degree,popularity,0,,,,,,,,
216,precious,1.25,0.0,Degree,precious,0,,,,,,,,
217,PRECIPITOUS,1.25,0.0,Degree,precipitous,0,,,,,,,,
218,precisely,1.25,0.0,Degree,precisely,0,,,,,,,,
219,predominant,1.25,0.0,Degree,predominant,0,,,,,,,,
220,predominantly,1.25,0.0,Degree,predominantly,0,,,,,,,,
221,preferred,0.75,0.0,Degree,preferred,0,,,,,,,,
222,prevalence,0.75,0.0,Degree,prevalence,0,,,,,,,,
223,prevalent,1.25,0.0,Degree,prevalent,0,,,,,,,,
224,prevalent,1.25,0.0,Degree,prevalent,0,,,,,,,,
225,primarily,1.25,0.0,Degree,primarily,0,,,,,,,,
226,prime,1.25,0.0,Degree,prime,0,,,,,,,,
227,principal,1.25,0.0,Degree,principal,0,,,,,,,,
228,prior,0.25,0.0,Degree,prior,0,,,,,,,,
229,pronounced,1.25,0.0,Degree,pronounced,0,,,,,,,,
230,properly,0.75,0.0,Degree,properly,0,,,,,,,,
231,proportionately,0.75,0.0,Degree,proportionately,0,,,,,,,,
232,quickly,1.25,0.0,Degree,quickly,0,,,,,,,,
233,rapid,1.25,0.0,Degree,rapid,0,,,,,,,,
234,rapidity,1.25,0.0,Degree,rapidity,0,,,,,,,,
235,rapidly,1.25,0.0,Degree,rapidly,0,,,,,,,,
236,rare,0.25,0.0,Degree,rare,0,,,,,,,,
237,RARELY,0.25,0.0,Degree,rarely,0,,,,,,,,
238,readily,0.75,0.0,Degree,readily,0,,,,,,,,
239,reasonable,0.75,0.0,Degree,reasonable,0,,,,,,,,
240,recently,0.75,0.0,Degree,recently,0,,,,,,,,
241,reduced,0.25,0.0,Degree,reduced,0,,,,,,,,
242,reduction,0.25,0.0,Degree,reduction,0,,,,,,,,
243,regular,0.75,0.0,Degree,regular,0,,,,,,,,
244,REGULARLY,0.75,0.0,Degree,regularly,0,,,,,,,,
245,relaxed,0.25,0.0,Degree,relaxed,0,,,,,,,,
246,remote,0.25,0.0,Degree,remote,0,,,,,,,,
247,repeatedly,0.75,0.0,Degree,repeatedly,0,,,,,,,,
248,rigorous,1.25,0.0,Degree,rigorous,0,,,,,,,,
249,rigorously,1.25,0.0,Degree,rigorously,0,,,,,,,,
250,rising,0.75,0.0,Degree,rising,0,,,,,,,,
251,RISKIER,0.75,0.0,Degree,riskier,0,,,,,,,,
252,RISKIEST,1.25,0.0,Degree,riskiest,0,,,,,,,,
253,RISKY,0.75,0.0,Degree,risky,0,,,,,,,,
254,ROUGHLY,0.25,0.0,Degree,roughly,0,,,,,,,,
255,same,0.75,0.0,Degree,same,0,,,,,,,,
256,SATISFACTORY,0.75,0.0,Degree,satisfactory,0,,,,,,,,
257,SATISFYING,0.75,0.0,Degree,satisfying,0,,,,,,,,
258,seismic,1.25,0.0,Degree,seismic,0,,,,,,,,
259,SELDOM,0.25,0.0,Degree,seldom,0,,,,,,,,
260,select,0.75,0.0,Degree,select,0,,,,,,,,
261,selective,0.75,0.0,Degree,selective,0,,,,,,,,
262,sensitive,0.75,0.0,Degree,sensitive,0,,,,,,,,
263,SERIOUS,1.25,0.0,Degree,serious,0,,,,,,,,
264,SEVERE,1.25,0.0,Degree,severe,0,,,,,,,,
265,SEVERELY,1.25,0.0,Degree,severely,0,,,,,,,,
266,SEVERITY,1.25,0.0,Degree,severity,0,,,,,,,,
267,sharp,1.25,0.0,Degree,sharp,0,,,,,,,,
268,sharper,1.25,0.0,Degree,sharper,0,,,,,,,,
269,SHARPLY,1.25,0.0,Degree,sharply,0,,,,,,,,
270,short,0.75,0.0,Degree,short,0,,,,,,,,
271,shorter,0.75,0.0,Degree,shorter,0,,,,,,,,
272,shrinking,0.75,0.0,Degree,shrinking,0,,,,,,,,
273,significance,1.25,0.0,Degree,significance,0,,,,,,,,
274,significant,1.25,0.0,Degree,significant,0,,,,,,,,
275,significantly,1.25,0.0,Degree,significantly,0,,,,,,,,
276,similar,0.75,0.0,Degree,similar,0,,,,,,,,
277,similarly,0.75,0.0,Degree,similarly,0,,,,,,,,
278,sizable,0.75,0.0,Degree,sizable,0,,,,,,,,
279,slight,0.25,0.0,Degree,slight,0,,,,,,,,
280,slightly,0.25,0.0,Degree,slightly,0,,,,,,,,
281,smaller,0.75,0.0,Degree,smaller,0,,,,,,,,
282,some,0.75,0.0,Degree,some,0,,,,,,,,
283,SOMETIME,0.75,0.0,Degree,sometime,0,,,,,,,,
284,SOMETIMES,0.75,0.0,Degree,sometimes,0,,,,,,,,
285,SOMEWHAT,0.75,0.0,Degree,somewhat,0,,,,,,,,
286,special,0.75,0.0,Degree,special,0,,,,,,,,
287,specialized,1.25,0.0,Degree,specialized,0,,,,,,,,
288,specific,0.75,0.0,Degree,specific,0,,,,,,,,
289,SPORADIC,0.25,0.0,Degree,sporadic,0,,,,,,,,
290,SPORADICALLY,0.25,0.0,Degree,sporadically,0,,,,,,,,
291,steadily,0.75,0.0,Degree,steadily,0,,,,,,,,
292,steady,0.75,0.0,Degree,steady,0,,,,,,,,
293,steep,1.25,0.0,Degree,steep,0,,,,,,,,
294,steeper,1.25,0.0,Degree,steeper,0,,,,,,,,
295,STRONGLY,1.25,0.0,Degree,strongly,0,,,,,,,,
296,substantial,1.25,0.0,Degree,substantial,0,,,,,,,,
297,substantially,1.25,0.0,Degree,substantially,0,,,,,,,,
298,substantive,0.75,0.0,Degree,substantive,0,,,,,,,,
299,subtle,0.25,0.0,Degree,subtle,0,,,,,,,,
300,SUDDEN,1.25,0.0,Degree,sudden,0,,,,,,,,
301,SUDDENLY,1.25,0.0,Degree,suddenly,0,,,,,,,,
302,sufficiency,0.75,0.0,Degree,sufficiency,0,,,,,,,,
303,sufficient,0.75,0.0,Degree,sufficient,0,,,,,,,,
304,sufficiently,0.75,0.0,Degree,sufficiently,0,,,,,,,,
305,super,1.25,0.0,Degree,super,0,,,,,,,,
306,surge,0.75,0.0,Degree,surge,0,,,,,,,,
307,thin,0.25,0.0,Degree,thin,0,,,,,,,,
308,thinly,0.25,0.0,Degree,thinly,0,,,,,,,,
309,thinner,0.75,0.0,Degree,thinner,0,,,,,,,,
310,thorough,0.75,0.0,Degree,thorough,0,,,,,,,,
311,throughout,0.75,0.0,Degree,throughout,0,,,,,,,,
312,tightly,1.25,0.0,Degree,tightly,0,,,,,,,,
313,timely,0.75,0.0,Degree,timely,0,,,,,,,,
314,top,1.25,0.0,Degree,top,0,,,,,,,,
315,total,1.25,0.0,Degree,total,0,,,,,,,,
316,TREMENDOUS,1.25,0.0,Degree,tremendous,0,,,,,,,,
317,ultra,1.25,0.0,Degree,ultra,0,,,,,,,,
318,under,0.75,0.0,Degree,under,0,,,,,,,,
319,unevenly,0.75,0.0,Degree,unevenly,0,,,,,,,,
320,UNEXPECTEDLY,0.75,0.0,Degree,unexpectedly,0,,,,,,,,
321,uniform,0.25,0.0,Degree,uniform,0,,,,,,,,
322,unique,0.75,0.0,Degree,unique,0,,,,,,,,
323,uniquely,0.75,0.0,Degree,uniquely,0,,,,,,,,
324,unlike,0.75,0.0,Degree,unlike,0,,,,,,,,
325,unprecedented,0.75,0.0,Degree,unprecedented,0,,,,,,,,
326,unprecedented,0.75,0.0,Degree,unprecedented,0,,,,,,,,
327,UNPREDICTABLY,0.75,0.0,Degree,unpredictably,0,,,,,,,,
328,UNUSUAL,0.75,0.0,Degree,unusual,0,,,,,,,,
329,UNUSUALLY,0.75,0.0,Degree,unusually,0,,,,,,,,
330,up,0.75,0.0,Degree,up,0,,,,,,,,
331,upper,0.75,0.0,Degree,upper,0,,,,,,,,
332,upwardly,0.75,0.0,Degree,upwardly,0,,,,,,,,
333,upwards,0.75,0.0,Degree,upwards,0,,,,,,,,
334,USUALLY,0.75,0.0,Degree,usually,0,,,,,,,,
335,vast,1.25,0.0,Degree,vast,0,,,,,,,,
336,very,1.25,0.0,Degree,very,0,,,,,,,,
337,voluminous,1.25,0.0,Degree,voluminous,0,,,,,,,,
338,WEAKLY,0.25,0.0,Degree,weakly,0,,,,,,,,
339,well,0.25,0.0,Degree,well,0,,,,,,,,
340,wholly,0.75,0.0,Degree,wholly,0,,,,,,,,
341,widely,0.75,0.0,Degree,widely,0,,,,,,,,
342,widen,0.75,0.0,Degree,widen,0,,,,,,,,
343,widespread,0.75,0.0,Degree,widespread,0,,,,,,,,
344,accelerating,1.25,0.0,Degree,accelerating,0,,,,,,,,
345,acutely,0.75,0.0,Degree,acutely,0,,,,,,,,
346,adequately,0.75,0.0,Degree,adequately,0,,,,,,,,
347,amplify,1.25,0.0,Degree,amplify,0,,,,,,,,
348,better,0.75,0.0,Degree,better,0,,,,,,,,
349,central,0.75,0.0,Degree,central,0,,,,,,,,
350,commonly,0.75,0.0,Degree,commonly,0,,,,,,,,
351,comprehensively,1.25,0.0,Degree,comprehensively,0,,,,,,,,
352,conditional,0.75,0.0,Degree,conditional,0,,,,,,,,
353,consistent,0.75,0.0,Degree,consistent,0,,,,,,,,
354,continually,0.75,0.0,Degree,continually,0,,,,,,,,
355,critical,0.75,0.0,Degree,critical,0,,,,,,,,
356,currently,0.25,0.0,Degree,currently,0,,,,,,,,
357,decrease,0.25,0.0,Degree,decrease,0,,,,,,,,
358,decreases,0.25,0.0,Degree,decreases,0,,,,,,,,
359,decreasing,0.25,0.0,Degree,decreasing,0,,,,,,,,
360,elevating,1.25,0.0,Degree,elevating,0,,,,,,,,
361,essentially,1.25,0.0,Degree,essentially,0,,,,,,,,
362,exclusive,1.25,0.0,Degree,exclusive,0,,,,,,,,
363,extraordinary,1.25,0.0,Degree,extraordinary,0,,,,,,,,
364,far,0.75,0.0,Degree,far,0,,,,,,,,
365,selectively,0.75,0.0,Degree,selectively,0,,,,,,,,
366,seriously,1.25,0.0,Degree,seriously,0,,,,,,,,
367,shortly,0.75,0.0,Degree,shortly,0,,,,,,,,
368,specifically,0.75,0.0,Degree,specifically,0,,,,,,,,
369,uniformly,0.25,0.0,Degree,uniformly,0,,,,,,,,
370,tighten,0.75,0.0,Degree,tighten,0,,,,,,,,
0,ABLE,0.25,0.0,Modal,able,0,,,,,,,,
1,APPEAR,0.25,0.0,Modal,appear,0,,,,,,,,
2,APPEARED,0.25,0.0,Modal,appeared,0,,,,,,,,
3,APPEARING,0.25,0.0,Modal,appearing,0,,,,,,,,
4,APPEARS,0.25,0.0,Modal,appears,0,,,,,,,,
5,CAN,0.25,0.0,Modal,can,0,,,,,,,,
6,COULD,0.25,0.0,Modal,could,0,,,,,,,,
7,DEPEND,0.25,0.0,Modal,depend,0,,,,,,,,
8,DEPENDED,0.25,0.0,Modal,depended,0,,,,,,,,
9,DEPENDING,0.25,0.0,Modal,depending,0,,,,,,,,
10,DEPENDS,0.25,0.0,Modal,depends,0,,,,,,,,
11,MAY,0.25,0.0,Modal,may,0,,,,,,,,
12,MAYBE,0.25,0.0,Modal,maybe,0,,,,,,,,
13,MIGHT,1.25,0.0,Modal,might,0,,,,,,,,
14,mitigate,0.75,0.0,Modal,mitigate,0,,,,,,,,
15,MUST,0.25,0.0,Modal,must,0,,,,,,,,
16,OUGHT,0.75,0.0,Modal,ought,0,,,,,,,,
17,potentially,0.25,0.0,Modal,potentially,0,,,,,,,,
18,SEEM,0.25,0.0,Modal,seem,0,,,,,,,,
19,SEEMS,0.25,0.0,Modal,seems,0,,,,,,,,
20,SHOULD,0.25,0.0,Modal,should,0,,,,,,,,
21,SUGGEST,0.25,0.0,Modal,suggest,0,,,,,,,,
22,SUGGESTED,0.75,0.0,Modal,suggested,0,,,,,,,,
23,SUGGESTING,0.75,0.0,Modal,suggesting,0,,,,,,,,
24,SUGGESTS,1.25,0.0,Modal,suggests,0,,,,,,,,
25,TEND,0.75,0.0,Modal,tend,0,,,,,,,,
26,TENDING,0.75,0.0,Modal,tending,0,,,,,,,,
27,TENDS,0.25,0.0,Modal,tends,0,,,,,,,,
28,WILL,0.25,0.0,Modal,will,0,,,,,,,,
29,WOULD,0.25,0.0,Modal,would,0,,,,,,,,
0,Assume,-2.0,1.0,Negative,assume,0,,If word is within 1 of example! Chart! Or Performance,If condition dont count,1.0,assume,"example, chart, performance",1.0,both
1,Assumed,-2.0,1.0,Negative,assumed,0,,If word is within 1 of example! Chart! Or Performance,If condition dont count,1.0,assumed,"example, chart, performance",1.0,both
2,Assumes,-2.0,1.0,Negative,assumes,0,,If word is within 1 of example! Chart! Or Performance,If condition dont count,1.0,assumes,"example, chart, performance",1.0,both
3,Default,-2.0,1.0,Negative,default,0,,"If ""credit default swaps"" or ""default swaps""",If condition dont count,1.0,default,"credit, swaps",1.0,both
4,Late,-2.0,1.0,Negative,late,0,,"If ""in late""",If condition dont count,1.0,late,in,1.0,left
5,Less,-2.0,1.0,Degree,less,0,,"If ""less developed""",If condition dont count,1.0,less,developed,1.0,right
6,Limitation,-2.0,1.0,Negative,limitation,0,,"If ""without limitation""",If condition dont count,1.0,limitation,without,1.0,left
7,Liquidate,-2.0,1.0,Negative,liquidate,0,,If liquidate is within 2 words of fund,If condition dont count,1.0,fund,liquidate,2.0,both
8,Manipulation,-2.0,1.0,Negative,manipulation,0,,If used within 1 of market,if condition count,0.0,market,manipulations,1.0,both
9,Manipulations,-2.0,1.0,Negative,manipulations,0,,If used within 1 of market,if condition count,0.0,market,manipulations,1.0,both
10,Contingencies,0.75,1.0,Uncertain,contingencies,0,,"If within 1 word of is, are, subject to",if condition count,0.0,contingencies,"is, are, subject to",1.0,both
11,Contingent,0.75,1.0,Uncertain,contingent,0,,"If within 1 word of is, are, subject to",if condition count,0.0,contingent,"is, are, subject to",1.0,both
